Drug_ID,Drug_Name,Disease_Name,Direct_Evidence,Inference_Network,Inference_Score,Reference_Count,,,,,,,,,,,
DB00152,Thiamine,myocardial infarction,,BAX|BCL2|CASP3|CAT|CKB|CKM|IL1B|IL6|NOS2|TNF,25.94,11,,,,,,,,,,,
DB00685,Trovafloxacin,"liver neoplasms, experimental",,CCND1|ESR1|F12|FOXM1|IL6|KDR|MAPK1|MAPK3|MPEG1|MYC|RB1|STAT3|TK1|TNF|TNFRSF10B,3.14,11,,,,,,,,,,,
DB04930,Permethrin,"ventricular dysfunction, left",,CXCL12|FAS|IL6|INS|INS1|ITLN1|NFE2L2|NR3C2|PNPLA2|SOD2|TLR4,4.01,11,,,,,,,,,,,
DB00238,Nevirapine,"leishmaniasis, cutaneous",,CXCL8|IFNG|IL1B,9.28,3,,,,,,,,,,,
DB00860,Prednisolone,colorectal neoplasms,,ABCB1|ABCG2|ACKR3|AKT1|BAX|BCL2|CXCL8|EFEMP1|PPARG|PTGS2|SOD2|TGFB1|TLR2|TNF,17.91,20,,,,,,,,,,,
DB00228,Enflurane,prostatic neoplasms,,ALAD|HMOX1,3.41,2,,,,,,,,,,,
DB01013,Clobetasol propionate,"dermatitis, atopic",therapeutic,,,,,,,,,,,,,,
DB00829,Diazepam,"sexual dysfunctions, psychological",marker/mechanism|therapeutic,,,2,,,,,,,,,,,
DB01149,Nefazodone,"sexual dysfunctions, psychological",marker/mechanism,,,1,,,,,,,,,,,
DB00198,Mannitol,myocardial infarction,,BAX|BCL2|CASP3|CAT|ICAM1|IL6|NPPA|SOD1|TNF,14.29,9,,,,,,,,,,,
DB00369,Cidofovir,cardiomyopathies,,ATF3|FAS|ITGB1|TP53,3.72,6,,,,,,,,,,,
DB00541,Vincristine,myocardial stunning,,TNF,2.2,1,,,,,,,,,,,
DB00594,Amiloride,disease progression,,IL1B|RELA,7.92,2,,,,,,,,,,,
DB00540,Nortriptyline,learning disorders,marker/mechanism,,,,,,,,,,,,,,
DB00541,Vincristine,cognition disorders,marker/mechanism,,,1,,,,,,,,,,,
DB00578,Carbenicillin,"meningitis, bacterial",,,,,,,,,,,,,,,
DB00700,Eplerenone,melanoma,,TNF,2.29,4,,,,,,,,,,,
DB01327,Cefazolin,gram-negative bacterial infections,,,,,,,,,,,,,,,
DB01132,Pioglitazone,retinal detachment,,CASP3|PRKCQ,5,2,,,,,,,,,,,
DB01236,Sevoflurane,"lymphoma, large b-cell, diffuse",,BCL2|CAT|MYC,4.77,2,,,,,,,,,,,
DB00843,Donepezil,"lymphoma, t-cell, cutaneous",,BAX|TP53,6.89,2,,,,,,,,,,,
DB00742,Mannitol,ischemia,,BAX|HMOX1|IL6|SOD1|TP53|XDH,14.44,6,,,,,,,,,,,
DB01337,Pancuronium,bronchial spasm,,,,,,,,,,,,,,,
DB00820,Tadalafil,"hepatitis, autoimmune",,IL6|TGFB1,7.34,1,,,,,,,,,,,
DB00381,Amlodipine,colitis,,IGF1|TNF,4.01,3,,,,,,,,,,,
DB00564,Carbamazepine,muscle rigidity,marker/mechanism,,,1,,,,,,,,,,,
DB00493,Cefotaxime,escherichia coli infections,therapeutic,,,1,,,,,,,,,,,
DB00813,Fentanyl,"nystagmus, pathologic",marker/mechanism,,,,,,,,,,,,,,
DB00542,Benazepril,"diabetes mellitus, type 1",,IL6|TNF,5.16,2,,,,,,,,,,,
DB04861,Nebivolol,glioblastoma,,,,,,,,,,,,,,,
DB01409,Tiotropium,prostatic neoplasms,,PON1,3.28,3,,,,,,,,,,,
DB00728,Rocuronium,status asthmaticus,,,,,,,,,,,,,,2.63,2
DB01236,Sevoflurane,cleft palate,,EGF|MYC|TGFB1,4.02,3,,,,,,,,,,,
DB06287,Temsirolimus,"carcinoma, squamous cell of head and neck",,,,,,,,,,,,,,,
DB00201,Caffeine,non-alcoholic fatty liver disease,marker/mechanism,ABCB4|ABCC2|ACE|AHCY|ALDH1A1|ALDH4A1|CAT|COBLL1|CPT1A|CYP17A1|CYP1A2|CYP2E1|EIF2AK1|FAS|GPT|GSTP1|IL1B|IL3|INS|LDLR|LEP|MRTFA|NFE2L2|NQO1|PPARA|PPARG|PRKACA|PRKCD|SCARB1|SERPINA1|SIRT1|SREBF1|STC2|TGFB1|TNF|TRIB3,21.81,24,,,,,,,,,,,
DB00438,Ceftazidime,klebsiella infections,,,,,,,,,,,,,,,
DB04930,Permethrin,multiple myeloma,marker/mechanism,BCL2|CCL2|CSF2|EPHX1|HSPB1|IL6|NQO1|SOD2,4.52,12,,,,,,,,,,,
DB00421,Spironolactone,"tuberculosis, pulmonary",,CCL2|MMP3,5.64,3,,,,,,,,,,,
DB00398,Sorafenib,tongue neoplasms,,HSPB1|SOD2|TYMS,2.29,3,,,,,,,,,,,
DB01224,Quetiapine,lung neoplasms,,MPO,2.53,1,,,,,,,,,,,
DB00712,Flurbiprofen,anoxia,marker/mechanism,IL1B|TNF,3.26,3,,,,,,,,,,,
DB01214,Metipranolol,hiv infections,,,,,,,,,,,,,,,
DB00646,Nystatin,"pulmonary disease, chronic obstructive",,ICAM1|IL6,6.88,3,,,,,,,,,,,
DB00238,Nevirapine,"colitis, ulcerative",,ALB|CASP3|CXCL8|IL1B|IRGM|VCAM1,12.43,8,,,,,,,,,,,
DB01220,Rifaximin,myocardial stunning,,TNF,4.06,1,,,,,,,,,,,
DB00625,Efavirenz,learning disorders,,,,,,,,,,,,,,,
DB00975,Dipyridamole,"diabetes mellitus, type 1",,DDIT3|IL6|TNF,8.09,3,,,,,,,,,,,
DB01232,Saquinavir,hyperplasia,,LEP,2.83,1,,,,,,,,,,,
DB00709,Lamivudine,glioma,,CAT|CLCN3|POU5F1|TNF,6.12,4,,,,,,,,,,,
DB00758,Clopidogrel,heart valve diseases,,IL1B,2.74,1,,,,,,,,,,,
DB01009,Ketoprofen,heart valve diseases,,ALB,2.56,1,,,,,,,,,,,
DB00477,Chlorpromazine,retinal detachment,,,,,,,,,,,,,,,
DB01214,Metipranolol,"lymphoma, t-cell, cutaneous",,,,,,,,,,,,,,,
DB00293,Raltitrexed,reperfusion injury,,,,,,,,,,,,,,,
DB00999,Hydrochlorothiazide,necrosis,,CAT,2.2,2,,,,,,,,,,,
DB00718,Adefovir dipivoxil,peripheral nervous system diseases,,ATF3,2.79,1,,,,,,,,,,,
DB00635,Prednisone,hypoalbuminemia,,ALB,5.39,2,,,,,,,,,,,
DB01194,Brinzolamide,glaucoma,,,,,,,,,,,,,,,
DB00317,Gefitinib,heart valve diseases,,CASP3|CCL2|COL1A1|IL1B|LCN2,14.02,1,,,,,,,,,,,
DB01337,Pancuronium,amphetamine-related disorders,,ACHE,3.17,1,,,,,,,,,,,
DB00293,Raltitrexed,"lymphoma, large b-cell, diffuse",,FAS,4.01,1,,,,,,,,,,,
DB00999,Hydrochlorothiazide,disease progression,,CAT|FLT1,3.7,4,,,,,,,,,,,
DB00293,Raltitrexed,"carcinoma, squamous cell of head and neck",,,,,,,,,,,,,,,
DB00818,Propofol,hyperglycemia,,IL6,2.61,1,,,,,,,,,,,
DB00759,Tetracycline,leishmaniasis,,IL6,2.1,1,,,,,,,,,,,
DB00355,Aztreonam,"endocarditis, bacterial",,,,,,,,,,,,,,,
DB00559,Bosentan,calcinosis,,CASP3|TGFB1|TNF,8.32,3,,,,,,,,,,,
DB00557,Hydroxyzine,"rhinitis, allergic, seasonal",therapeutic,,,2,,,,,,,,,,,
DB00908,Quinidine,"mammary neoplasms, animal",,ABCB1B,5,1,,,,,,,,,,,
DB01086,Benzocaine,psoriasis,,,,,,,,,,,,,,,
DB00909,Zonisamide,prostatic neoplasms,,,,,,,,,,,,,,,
DB00177,Valsartan,"lymphoma, large b-cell, diffuse",,ABCG2|BCL2|CAT|FAS,10.25,3,,,,,,,,,,,
DB00580,Valdecoxib,drug hypersensitivity,,ABCC2|TNF,2.45,3,,,,,,,,,,,
DB00440,Trimethoprim,"leishmaniasis, cutaneous",,,,,,,,,,,,,,,
DB00642,Pemetrexed,mouth neoplasms,,CCL2|KRAS|TP53,9.5,3,,,,,,,,,,,
DB06695,Dabigatran etexilate,cerebral hemorrhage,,,,,,,,,,,,,,,
DB00381,Amlodipine,mesothelioma,,PGR,3.19,1,,,,,,,,,,,
DB00796,Candesartan cilexetil,cocaine-related disorders,,SMAD3,3.14,1,,,,,,,,,,,
DB01030,Topotecan,"carcinoma, squamous cell of head and neck",,,,,,,,,,,,,,,
DB01242,Clomipramine,colorectal neoplasms,,ABCB1|CASP8|CYP1B1|PARP1|TNF,5.58,6,,,,,,,,,,,
DB00625,Efavirenz,"pregnancy complications, infectious",,,,,,,,,,,,,,,
DB00883,Isosorbide dinitrate,liver diseases,,,,,,,,,,,,,,,
DB00268,Ropinirole,"lymphoma, t-cell, cutaneous",,,,,,,,,,,,,,,
DB06287,Temsirolimus,neoplasm invasiveness,,CXCL8|ESR1|IL6|MAPK1|MAPK3,10.57,7,,,,,,,,,,,
DB01173,Orphenadrine,osteosarcoma,,GSTP1|JUN|MST1R|PHLDA2,7,4,,,,,,,,,,,
DB08826,Deferiprone,"carcinoma, hepatocellular",,AKT1|NFKBIA|SOD1|TNF,8.9,4,,,,,,,,,,,
DB00591,Fluocinolone acetonide,pleurisy,,TNF,4.06,1,,,,,,,,,,,
DB00999,Hydrochlorothiazide,nerve degeneration,,,,,,,,,,,,,,,
DB00635,Prednisone,heart valve diseases,marker/mechanism,NPPB,3.31,2,,,,,,,,,,,
DB00822,Disulfiram,entamoebiasis,,IL1B|IL6,5.37,1,,,,,,,,,,,
DB00317,Gefitinib,neurodegenerative diseases,,HMOX1|VIM,3.66,4,,,,,,,,,,,
DB00242,Cladribine,entamoebiasis,,,,,,,,,,,,,,,
DB00734,Risperidone,neoplasm invasiveness,,CTNNB1|INS|NRG1|STAT3,3.63,5,,,,,,,,,,,
DB00646,Nystatin,lung diseases,,,,,,,,,,,,,,,
DB00734,Risperidone,asthma,,HTR2A|SOD1,3.09,2,,,,,,,,,,,
DB00369,Cidofovir,ovarian neoplasms,,ATF3|CAMKK2|CYP1B1|GADD45A|PRC1|SLC2A1|TIPARP|TOP1|TP53,14.57,9,,,,,,,,,,,
DB00175,Pravastatin,diabetic retinopathy,,ACE2|AGT|CASP3|CRP|SIRT1,13.26,5,,,,,,,,,,,
DB00646,Nystatin,nervous system diseases,,ICAM1|IL6|TNFRSF10A,8.45,3,,,,,,,,,,,
DB00293,Raltitrexed,peripheral nervous system diseases,,SLC19A1|TYMS,6.17,1,,,,,,,,,,,
DB01136,Carvedilol,endometrial neoplasms,,CDH1|MYC,3.94,3,,,,,,,,,,,
DB00359,Sulfadiazine,"leishmaniasis, cutaneous",,,,,,,,,,,,,,,
DB00927,Famotidine,"liver neoplasms, experimental",,CTNNB1|IL6|MAPK1|MAPK3|TNF,7.39,5,,,,,,,,,,,
DB00317,Gefitinib,entamoebiasis,,IL1B,3.35,1,,,,,,,,,,,
DB00818,Propofol,diabetic nephropathies,,FN1|SOD2,2.71,2,,,,,,,,,,,
DB00550,Propylthiouracil,primary sclerosing cholangitis,,,,,,,,,,,,,,,
DB01136,Carvedilol,"carcinoma, transitional cell",,PTGS2|TNF|TP53,5.51,6,,,,,,,,,,,
DB00421,Spironolactone,spinal dysraphism,,CCL2|CFL1|CHKA|FGFR2|PCMT1|PCYT1A|PDGFRA|VANGL2,3.28,7,,,,,,,,,,,
DB00759,Tetracycline,nerve degeneration,,CASP3|DDC|ETS2|ITGAM|MAPK1|MAPK3|MPZ|MT2|OTC|PPARG,2.52,8,,,,,,,,,,,
DB00635,Prednisone,cholangiocarcinoma,,TRP53,4.48,1,,,,,,,,,,,
DB01236,Sevoflurane,autoimmune diseases,,COL1A1|EGR1|IFNG|IL6,5.57,3,,,,,,,,,,,
DB00851,Dacarbazine,"lymphoma, large b-cell, diffuse",,ABCB1|ABCG2|BCL2|CDK1|CLTC|MALT1|MYC|MYD88|PIK3CD|SOD2|TXNIP,8.74,8,,,,,,,,,,,
DB01232,Saquinavir,carotid artery diseases,,,,,,,,,,,,,,,
DB00312,Pentobarbital,spinal cord injuries,,,,,,,,,,,,,,,
DB00472,Fluoxetine,"breast-ovarian cancer, familial, susceptibility to, 1",,,,,,,,,,,,,,,
DB00966,Telmisartan,mesothelioma,,CAT,2.58,1,,,,,,,,,,,
DB01026,Ketoconazole,cholangiocarcinoma,,EGFR|IL6|PTEN|PTGS2,5.55,4,,,,,,,,,,,
DB08860,Pitavastatin,glioblastoma,,,,,,,,,,,,,,,
DB00734,Risperidone,acatalasia,,,,,,,,,,,,,,,
DB00962,Zaleplon,angelman syndrome,,,,,,,,,,,,,,,
DB00581,Lactulose,prostatic neoplasms,,CXCL8|EGFR|HMOX1|IL6|NFE2L2|PARP1|PIK3R1|TLR4,16.45,18,,,,,,,,,,,
DB00994,Neomycin,"diabetes mellitus, experimental",,ATP2A3|BAX|BCL2|CASP3|GPX1|HMOX1|IL1B|IL6|IRS2|LEP|NOS2|RELA|SREBF1|TNF,30.96,18,,,,,,,,,,,
DB00728,Rocuronium,apnea,,,,,,,,,,,,,,,
DB01233,Metoclopramide,"lymphoma, large b-cell, diffuse",,,,,,,,,,,,,,,
DB00834,Mifepristone,amyotrophic lateral sclerosis,,ERBB4|MIR23A|NFE2L2|PTGS2|SOD2|SQSTM1,7.29,7,,,,,,,,,,,
DB00929,Misoprostol,multiple myeloma,,,,,,,,,,,,,,,
DB00763,Methimazole,hyperglycemia,,ADIPOQ|ADM|AGER|CCL2|CD163|FBN1|GPX1|IL6|INS1|NOS3|PRKAR1A|SP1,4.49,12,,,,,,,,,,,
DB00490,Buspirone,heart valve diseases,,C6|CASP3|CCL6|COL1A2|IL1B|ITGB2|PYCARD,14.39,2,,,,,,,,,,,
DB00412,Rosiglitazone,kyphosis,,,,,,,,,,,,,,,
DB00734,Risperidone,behcet syndrome,,,,,,,,,,,,,,,
DB00993,Azathioprine,coronary artery disease,,ABCG5|APOC3|CCL2|CDKN2B|GDF15|IRS1|MMP3|PLPP3|PSRC1|PTGS2|TLR4|TRIB1,14.27,13,,,,,,,,,,,
DB00431,Lindane,cleft palate,,EGF|MYC|NOS3,7.86,3,,,,,,,,,,,
DB00790,Perindopril,"lymphoma, large b-cell, diffuse",,CAT,2.94,1,,,,,,,,,,,
DB00491,Miglitol,hiv infections,,TNF,3.82,1,,,,,,,,,,,
DB01232,Saquinavir,liver neoplasms,,ABCB1B|TNF,3.27,2,,,,,,,,,,,
DB00396,Progesterone,porphyria cutanea tarda,,CPOX,3.44,1,,,,,,,,,,,
DB01098,Rosuvastatin,autoimmune diseases,,PECAM1,3.77,1,,,,,,,,,,,
DB01193,Acebutolol,necrosis,,REN,4.5,2,,,,,,,,,,,
DB00694,Daunorubicin,gliosis,,MAPK1|MAPK3,5.06,1,,,,,,,,,,,
DB01104,Sertraline,liver cirrhosis,,ALB|CD14|JUND|NFE2L2|TNF,5.53,6,,,,,,,,,,,
DB00178,Ramipril,cocaine-related disorders,,NPY,4.15,1,,,,,,,,,,,
DB00910,Paricalcitol,hepatitis,,SPARC|TNF,4.29,2,,,,,,,,,,,
DB01060,Amoxicillin,streptococcal infections,therapeutic,CXCL8,2.91,4,,,,,,,,,,,
DB00822,Disulfiram,hemangiosarcoma,,CCND1|JUN|MYC|VEGFC,5.79,1,,,,,,,,,,,
DB01083,Orlistat,disease progression,,BCL2|CAT|CCND1|CCNE1|ERBB2|FAS|IL1B|NFE2L2|PTEN|RELA|RPS6|TNF|TP53,30.59,15,,,,,,,,,,,
DB00831,Trifluoperazine,melanoma,,PARP1,2.41,1,,,,,,,,,,,
DB00277,Theophylline,tongue neoplasms,,PTGS2,4.56,2,,,,,,,,,,,
DB00727,Nitroglycerin,amyotrophic lateral sclerosis,,SOD2,2.52,1,,,,,,,,,,,
DB00198,Oseltamivir,meningitis,,,,,,,,,,,,,,,
DB00727,Nitroglycerin,"carcinoma, transitional cell",,GPX1|TNF,3.79,2,,,,,,,,,,,
DB00415,Ampicillin,"hepatitis, autoimmune",,IFNG|IL22,8.25,1,,,,,,,,,,,
DB00730,Thiabendazole,hypercalcemia,,PRKCB,3.17,1,,,,,,,,,,,
DB00822,Disulfiram,metabolic syndrome x,,CCL2|IL18|IL6|NR1I2|SIRT1,4.46,5,,,,,,,,,,,
DB00809,Tropicamide,parkinson disease,,NOS1,3.74,1,,,,,,,,,,,
DB00317,Gefitinib,osteoarthritis,,IL1B|PTGS2|TGFB1|VIM,6.69,6,,,,,,,,,,,
DB00993,Azathioprine,diabetes mellitus,,IRS1|PTGS2|RAC1|THBS2,2.94,3,,,,,,,,,,,
DB00338,Omeprazole,cholangiocarcinoma,,IL6|PTGS2,3.62,2,,,,,,,,,,,
DB00800,Fenoldopam,stomach neoplasms,,,,,,,,,,,,,,,
DB00198,Oseltamivir,sinusitis,,,,,,,,,,,,,,,
DB00575,Clonidine,atrophy,,CYP1A2,3.55,1,,,,,,,,,,,
DB00809,Tropicamide,stomach neoplasms,,RELA,2.78,1,,,,,,,,,,,
DB00929,Misoprostol,autoimmune diseases,,,,,,,,,,,,,,,
DB01029,Irbesartan,glioblastoma,,EGFR|MMP9,4.78,4,,,,,,,,,,,
DB00479,Amikacin,osteomyelitis,,,,,,,,,,,,,,,
DB00642,Pemetrexed,neoplasms,,ERCC1|KRAS,4.26,3,,,,,,,,,,,
DB00531,Cyclophosphamide,"lymphoma, t-cell, cutaneous",,BAX|CD28|FAS|STAT5B|TNFAIP3|TP53,12.01,3,,,,,,,,,,,
DB01356,Lithium cation,"carcinoma, squamous cell of head and neck",,,,,,,,,,,,,,,
DB06287,Temsirolimus,glioma,,,,,,,,,,,,,,,
DB00184,Nicotine,"hypertension, malignant",,CYP17A1,2.77,1,,,,,,,,,,,
DB00790,Perindopril,"cardiomyopathy, dilated",,,,,,,,,,,,,,,
DB00758,Clopidogrel,heart diseases,,PON1,2.87,1,,,,,,,,,,,
DB01011,Metyrapone,heart valve diseases,,CCL2,3.38,1,,,,,,,,,,,
DB00910,Paricalcitol,neurotoxicity syndromes,,BCL2L1,2.67,1,,,,,,,,,,,
DB00883,Isosorbide dinitrate,drug-induced liver injury,,,,,,,,,,,,,,,
DB00254,Doxycycline,"hepatitis, autoimmune",,IL6,2.75,1,,,,,,,,,,,
DB00264,Metoprolol,behcet syndrome,,AHR,3.24,1,,,,,,,,,,,
DB01222,Budesonide,"liver cirrhosis, biliary",,CCL5|MAPK14|NOS2|RELA|SLC51A|SLC51B|TGFB1,23.73,3,,,,,,,,,,,
DB00687,Fludrocortisone,nervous system diseases,,PTGS2,2.62,1,,,,,,,,,,,
DB00903,Etacrynic acid,"hernia, diaphragmatic",,ICAM1|TNF,6.7,3,,,,,,,,,,,
DB01232,Saquinavir,mycoplasma infections,,,,,,,,,,,,,,,
DB01156,Bupropion,learning disorders,,,,,,,,,,,,,,,
DB01195,Flecainide,"tachycardia, atrioventricular nodal reentry",,,,,,,,,,,,,,,
DB00759,Tetracycline,respiratory hypersensitivity,,IL6|MT2,2.72,2,,,,,,,,,,,
DB01181,Ifosfamide,spinal cord injuries,,ATF4|CASP3|DDIT3|HIF1A|SQSTM1|VEGFA|XBP1,17.53,3,,,,,,,,,,,
DB00293,Raltitrexed,"mammary neoplasms, experimental",,FAS|TP53,5.46,2,,,,,,,,,,,
DB00883,Isosorbide dinitrate,lung neoplasms,,,,,,,,,,,,,,,
DB01156,Bupropion,pain,,,,,,,,,,,,,,,
DB00595,Oxytetracycline,esophageal neoplasms,,,,,,,,,,,,,,,
DB00542,Benazepril,retinal detachment,,,,,,,,,,,,,,,
DB00440,Trimethoprim,lung neoplasms,,CYP1A2|IL6,3.97,2,,,,,,,,,,,
DB00421,Spironolactone,pancreatitis,marker/mechanism,ALB|CCK|CFTR|CNR1|CNR2|HGF|INS|LPL|MIR130B|MIR141|MIR183|MIR200A|MIR200B|MIR27A|MIR29C|MIR30A|MIR375|MIR532|MPO|PARP1|PPP3CA|PRSS1|PTGS2|SPINK1|SST|TRPV1,3.41,18,,,,,,,,,,,
DB00458,Imipramine,"tachycardia, ventricular",marker/mechanism,,,1,,,,,,,,,,,
DB01656,Roflumilast,"diabetes mellitus, type 2",,AKT1|BAX|BCL2|CASP3|CAT|HMOX1|IL6|TNF,20.97,8,,,,,,,,,,,
DB00307,Bexarotene,"carcinoma, squamous cell of head and neck",,,,,,,,,,,,,,,
DB00227,Lovastatin,mitochondrial diseases,,CASP8|GSTP1|MAP1LC3B|NOS2|SOD2|TP53,9.7,3,,,,,,,,,,,
DB00184,Nicotine,"mastocytosis, systemic",,HMOX1,2.63,1,,,,,,,,,,,
DB00966,Telmisartan,disease progression,,BCL2|CAT|CEBPB|EDNRA|GJA1|IL1B|MMP2|RELA|SOD1|TNF,21.28,10,,,,,,,,,,,
DB00820,Tadalafil,"carcinoma, hepatocellular",,AKT1|CAT|CCND1|CTNNB1|IL6|MAPT|MTOR|MYC|NFE2L2|SLC2A1|TGFB1|TNF,25.66,22,,,,,,,,,,,
DB01394,Colchicine,"hypertension, malignant",,,,,,,,,,,,,,,
DB00501,Cimetidine,osteoporosis,,,,,,,,,,,,,,,
DB00367,Levonorgestrel,entamoebiasis,,,,,,,,,,,,,,,
DB00502,Haloperidol,colitis,,IL10|IL1B|IL6|NOS2|PTGS2|RELA|TNF,3.56,10,,,,,,,,,,,
DB00709,Lamivudine,hyperalgesia,,COMT|EDN1|IL1B|MFN2|TNF,3.19,15,,,,,,,,,,,
DB01159,Halothane,"lymphoma, large b-cell, diffuse",,,,,,,,,,,,,,,
DB00915,Amantadine,dystonia,,,,,,,,,,,,,,,
DB00999,Hydrochlorothiazide,"mammary neoplasms, animal",,AGTR1A,3.27,1,,,,,,,,,,,
DB00993,Azathioprine,spinal cord injuries,,DDIT3|PPP1R15A|SQSTM1,4.37,1,,,,,,,,,,,
DB04861,Nebivolol,"osteoporosis, postmenopausal",,CAT,3.65,1,,,,,,,,,,,
DB00458,Imipramine,entamoebiasis,,IL10|IL1B,7.77,1,,,,,,,,,,,
DB01327,Cefazolin,"meningitis, bacterial",,,,,,,,,,,,,,,
DB00564,Carbamazepine,hyperglycemia,,ADM|AGER|GPX1|HNF1A|IL6|INSR|NFE2L2|NQO1,3.27,8,,,,,,,,,,,
DB01026,Ketoconazole,hyperoxaluria,,CCL2|CCL5|IL6,7.31,1,,,,,,,,,,,
DB01236,Sevoflurane,colitis,,HMOX1|IFNG|IGF1|IL10|IL1B|IL6|MPO|NOS2|PTGS2|RELA|SRC|TNF,19.22,14,,,,,,,,,,,
DB00772,Malathion,brain injuries,,BDNF|CD14|CES1|CFB|CSF3|GSK3B|IL13RA2|IL1A|IL1B|IL2|IL6|JUN|MPO|PARP1|PTGS2|SOD2|TLR4|TNF,21.55,11,,,,,,,,,,,
DB00501,Cimetidine,"carcinoma, adenoid cystic",,,,,,,,,,,,,,,
DB00730,Thiabendazole,leishmaniasis,,,,,,,,,,,,,,,
DB00898,Ethanol,plasminogen activator inhibitor-1 deficiency,,SERPINE1,6.02,1,,,,,,,,,,,
DB00728,Rocuronium,quadriplegia,,,,,,,,,,,,,,,
DB01232,Saquinavir,glioblastoma,,,,,,,,,,,,,,,
DB01204,Mitoxantrone,hyperplasia,,,,,,,,,,,,,,,
DB00951,Isoniazid,melanoma,,AKR1B10|CP|CTH|FASN|GLO1|IFNG|IL2|MAP2K2|MTAP|NRAS|PHGDH|PPARG|PTGS2|SDHD|STIP1|TNF,17.5,48,,,,,,,,,,,
DB00910,Paricalcitol,head and neck neoplasms,,BCL2|BCL2L1,6.11,1,,,,,,,,,,,
DB00196,Fluconazole,necrosis,,AHR|CAT,2.5,3,,,,,,,,,,,
DB00642,Pemetrexed,neoplasm invasiveness,,CCL2|CXCL8,3.75,2,,,,,,,,,,,
DB01076,Atorvastatin,osteoarthritis,,IL1B|PPARG|PTGS2|RUNX2|SOD2|TGFB1|VIM,11.49,10,,,,,,,,,,,
DB01184,Domperidone,nerve degeneration,,,,,,,,,,,,,,,
DB00550,Propylthiouracil,"carcinoma, squamous cell of head and neck",,,,,,,,,,,,,,,
DB00834,Mifepristone,pancreatic diseases,,HMOX1|LEPR|POMC,4.69,3,,,,,,,,,,,
DB01222,Budesonide,behcet syndrome,,CXCL8,3.3,1,,,,,,,,,,,
DB00687,Fludrocortisone,colorectal neoplasms,,CXCL8|PTGS2,4.53,7,,,,,,,,,,,
DB00533,Rofecoxib,retinal detachment,,,,,,,,,,,,,,,
DB00285,Venlafaxine,dyskinesias,,,,,,,,,,,,,,,
DB00542,Benazepril,keloid,,,,,,,,,,,,,,,
DB01586,Ursodeoxycholic acid,"multiple endocrine neoplasia, type iv",,,,,,,,,,,,,,,
DB00277,Theophylline,"neoplasm recurrence, local",,AHR|CHST14|CXCL9|DNMT3A|ERBB2|ESR1|GNAI2|IDH1|LTBP4|PLAU|PTGS2|SOX2|VCL|VEGFA|WNT10B|YBX1,19.98,11,,,,,,,,,,,
DB00215,Citalopram,hyperalgesia,,CNR1|CNR2|FOS|GRIN2B|IGF1|IL6|RAF1,6,9,,,,,,,,,,,
DB00759,Tetracycline,berylliosis,,GCLM|IL6,5.04,2,,,,,,,,,,,
DB00799,Tazarotene,liver neoplasms,,,,,,,,,,,,,,,
DB01409,Tiotropium,"carcinoma, hepatocellular",,TNF,2.39,1,,,,,,,,,,,
DB00619,Imatinib,"meningitis, aseptic",,IL6,2.55,1,,,,,,,,,,,
DB00254,Doxycycline,gliosis,,SOD1,2.67,2,,,,,,,,,,,
DB01586,Ursodeoxycholic acid,diabetic retinopathy,,CASP3,4.24,1,,,,,,,,,,,
DB00864,Tacrolimus,"fatty liver, alcoholic",,C1QC|PPARA,4.3,2,,,,,,,,,,,
DB00285,Venlafaxine,"pulmonary disease, chronic obstructive",,MMP9|TP53,3.69,2,,,,,,,,,,,
DB00581,Lactulose,"carcinoma, hepatocellular",,CXCL8|EGFR|IL6|NFE2L2|PARP1|TLR4|TNF,14.34,9,,,,,,,,,,,
DB00773,Etoposide,nephrosis,,DES|EDN1|EDNRB,4.38,2,,,,,,,,,,,
DB00458,Imipramine,ischemia,,,,,,,,,,,,,,,
DB01136,Carvedilol,brain neoplasms,,RELA|SOD2|SOX2,6.23,3,,,,,,,,,,,
DB01104,Sertraline,ischemia,,PPARG,2.49,2,,,,,,,,,,,
DB00480,Lenalidomide,hyperoxaluria,,TNFRSF1A,5.13,1,,,,,,,,,,,
DB00182,Amphetamine,"carcinoma, transitional cell",,CDKN1A|CHD6|EP300|GGH|GPX1|KMT2A|KMT2C|MIR205|PTGS2|TNF|TP53,7.61,11,,,,,,,,,,,
DB01004,Ganciclovir,myocardial reperfusion injury,,,,,,,,,,,,,,,
DB01075,Diphenhydramine,lung neoplasms,,IL1B|IL24|IL6,3.43,5,,,,,,,,,,,
DB00696,Ergotamine,hypotension,,CALCA|FOS|GSTP1|HTR2B,4.49,6,,,,,,,,,,,
DB00334,Olanzapine,sepsis,,IL10|IL1B|IL6|TNF,6.06,5,,,,,,,,,,,
DB01393,Bezafibrate,porphyria cutanea tarda,,,,,,,,,,,,,,,
DB00591,Fluocinolone acetonide,thrombotic microangiopathies,,,,,,,,,,,,,,,
DB01241,Gemfibrozil,liver cirrhosis,,AHR|CCL2|CYP1A2|IL6|MGLL|TNF,9.77,6,,,,,,,,,,,
DB00396,Progesterone,"plaque, atherosclerotic",,NR1I2,4.14,1,,,,,,,,,,,
DB01004,Ganciclovir,"lymphoma, t-cell, cutaneous",,TP53,3.93,1,,,,,,,,,,,
DB00822,Disulfiram,"breast-ovarian cancer, familial, susceptibility to, 1",,,,,,,,,,,,,,,
DB00951,Isoniazid,"pulmonary disease, chronic obstructive",,CXCL8|CYP1A2|EPHX1|HIF1A|HMOX1|IL6|TNF,10.82,11,,,,,,,,,,,
DB00198,Oseltamivir,nervous system diseases,,IL6,3.23,1,,,,,,,,,,,
DB00876,Eprosartan,"hypertension, malignant",,,,,,,,,,,,,,,
DB00312,Pentobarbital,"diabetes mellitus, type 1",,IL6|TNF,4.71,2,,,,,,,,,,,
DB01232,Saquinavir,spinal cord injuries,,,,,,,,,,,,,,,
DB01181,Ifosfamide,cocaine-related disorders,,BCHE|BDNF|FOS,2.35,17,,,,,,,,,,,
DB00254,Doxycycline,kidney neoplasms,,ABCB1,2.67,1,,,,,,,,,,,
DB00364,Sucralfate,leishmaniasis,,,,,,,,,,,,,,,
DB00646,Nystatin,"arthritis, psoriatic",,,,,,,,,,,,,,,
DB00842,Oxazepam,melanoma,,,,,,,,,,,,,,,
DB00822,Disulfiram,atrophy,,MAPK3|STAT3,2.39,1,,,,,,,,,,,
DB00550,Propylthiouracil,colitis,,HMOX1|IFNG|IGF1|IL10|IL1B|IL6|MADCAM1|MIF|MPO|NOS2|PTGS2|SIRT1|SYK|TES|TIMP3|TNF,2.27,18,,,,,,,,,,,
DB01196,Estramustine,neurotoxicity syndromes,,,,,,,,,,,,,,,
DB00802,Alfentanil,labor pain,,,,,,,,,,,,,,,
DB00864,Tacrolimus,hyperlipidemias,,GCG|NOS3|PPARA,2.93,3,,,,,,,,,,,
DB00050,Cetrorelix,"leishmaniasis, cutaneous",,,,,,,,,,,,,,,
DB01236,Sevoflurane,intestinal neoplasms,,BAX|BCL2|CDKN1A,5.05,4,,,,,,,,,,,
DB00700,Eplerenone,wounds and injuries,,TNF,3.21,1,,,,,,,,,,,
DB01004,Ganciclovir,ovarian neoplasms,,TP53,2.91,1,,,,,,,,,,,
DB00620,Triamcinolone,myocardial infarction,,BAX|IL1B|IL6|TGFB1|TNF,9.98,5,,,,,,,,,,,
DB01024,Mycophenolic acid,"meningitis, aseptic",,ALB|IL6,5.52,4,,,,,,,,,,,
DB00238,Nevirapine,"pulmonary disease, chronic obstructive",,CDKN1A|CXCL1|CXCL8|IL6,8.05,6,,,,,,,,,,,
DB00967,Desloratadine,autoimmune diseases,,,,,,,,,,,,,,,
DB01268,Sunitinib,"breast-ovarian cancer, familial, susceptibility to, 1",,BRCA2,3.92,1,,,,,,,,,,,
DB00959,Methylprednisolone,entamoebiasis,,IFNG|IL2|IL5,20.84,1,,,,,,,,,,,
DB00335,Atenolol,learning disorders,,,,,,,,,,,,,,,
DB00152,Thiamine,alzheimer disease,,ACHE|BAX|BCHE|BCL2|CASP3|IL1B|PPARG|TNF,25.1,9,,,,,,,,,,,
DB00851,Dacarbazine,carcinoma,,ABCB1|ACSL1|ACTN4|ALCAM|ANGPTL4|ANXA4|BASP1|BCL2|BCL2L1|CAPZB|CCND1|CDS1|CNN3|CSF2|DBI|DNMT1|DUSP6|EFEMP1|EPCAM|EZR|GATM|GSTP1|ID3|INSIG1|LY96|MET|MGP|MIF|MYC|PKM|PLK2|PRDX2|PTGS2|RASA1|RB1|S1PR1|SCARB1|SCD|SGK1|SLC25A10|SOD2|SOX9|STAT3|TLE4|TLR4|TP53|TUBB2B|TYMP|URI1,35.31,22,,,,,,,,,,,
DB00633,Dexmedetomidine,"lymphoma, t-cell, cutaneous",,BAX|TP53,7.46,2,,,,,,,,,,,
DB01183,Naloxone,"gastritis, atrophic",,IL1B,3.58,1,,,,,,,,,,,
DB01026,Ketoconazole,"infarction, middle cerebral artery",,ADORA1|C3|CCL2|HSPD1|IL1B|IL6|SERPINH1|STAT3,11.25,6,,,,,,,,,,,
DB00250,Dapsone,"mammary neoplasms, animal",,MMP9|SOD2,3.45,2,,,,,,,,,,,
DB00264,Metoprolol,osteoarthritis,,PTGS2|TGFB1,3.7,2,,,,,,,,,,,
DB00678,Losartan,poisoning,,ALB|CDKN2A|GSK3B,2.61,3,,,,,,,,,,,
DB01120,Gliclazide,heart diseases,,ALB,2.72,1,,,,,,,,,,,
DB01132,Pioglitazone,neuroblastoma,,ABCB1|BCHE|BIRC3|IL1B|ISL1|MET|MMP9|RELA|TNF,12.62,5,,,,,,,,,,,
DB00753,Isoflurane,renal insufficiency,,NFE2L2|NOS2|NOS3|RELA,10.11,1,,,,,,,,,,,
DB00390,Digoxin,oral submucous fibrosis,,CXCL8|IFNG|TNF,11.49,2,,,,,,,,,,,
DB00810,Biperiden,muscle rigidity,,,,,,,,,,,,,,,
DB00712,Flurbiprofen,"lymphoma, large b-cell, diffuse",,,,,,,,,,,,,,,
DB00564,Carbamazepine,endometrial neoplasms,,AKR1B10|AKR1C3|CCND1|CDH1|CXCL8|CYP11A1|ESR1|IGF1R|MYC|NFE2L2|PLXNA3|PTEN|SIX1|SOCS3|STAR|VEGFA,13.91,17,,,,,,,,,,,
DB01050,Ibuprofen,gliosis,,APP|GFAP|MAPK1|MAPK3|TNFRSF21,5.44,4,,,,,,,,,,,
DB00730,Thiabendazole,respiratory hypersensitivity,,VEGFA,2.49,1,,,,,,,,,,,
DB01030,Topotecan,"lymphoma, t-cell, cutaneous",,BAX|CTCF|FAS|PRKCQ|TP53|ZEB1,7.61,2,,,,,,,,,,,
DB00808,Indapamide,prostatic neoplasms,,INS|NOS3|VEGFA,10.17,8,,,,,,,,,,,
DB00631,Clofarabine,"lymphoma, large b-cell, diffuse",,MYC,3.91,1,,,,,,,,,,,
DB00475,Chlordiazepoxide,"amnesia, anterograde",,,,,,,,,,,,,,,
DB00659,Acamprosate,epilepsy,,GABRB2,4.28,1,,,,,,,,,,,
DB01196,Estramustine,myocardial reperfusion injury,,,,,,,,,,,,,,,
DB01229,Paclitaxel,subarachnoid hemorrhage,,CASP3|IL1B|IL6|MMP9|NOS2|RELA|TNF,10.37,3,,,,,,,,,,,
DB01275,Hydralazine,endometrial neoplasms,,ESR1|LASP1,2.9,2,,,,,,,,,,,
DB01104,Sertraline,entamoebiasis,,,,,,,,,,,,,,,
DB00578,Carbenicillin,streptococcal infections,therapeutic,,,2,,,,,,,,,,,
DB00897,Triazolam,memory disorders,marker/mechanism,,,1,,,,,,,,,,,
DB00359,Sulfadiazine,lung neoplasms,,IL6,2.3,1,,,,,,,,,,,
DB00396,Progesterone,"multiple endocrine neoplasia, type iv",,CDKN1B,4.77,1,,,,,,,,,,,
DB00698,Nitrofurantoin,"carcinoma, renal cell",,JUN|TGFB2,4.74,1,,,,,,,,,,,
DB00842,Oxazepam,gliosis,,,,,,,,,,,,,,,
DB00181,Baclofen,myoclonic dystonia,,,,,,,,,,,,,,,
DB00715,Paroxetine,catalepsy,,,,,,,,,,,,,,,
DB01030,Topotecan,neuroectodermal tumors,,EWSR1|HES1|HEY1|NOTCH2,5.14,2,,,,,,,,,,,
DB00999,Hydrochlorothiazide,"cardiomyopathy, hypertrophic",,MYH7,3.65,2,,,,,,,,,,,
DB00734,Risperidone,"abnormalities, drug-induced",,,,,,,,,,,,,,,
DB01233,Metoclopramide,stomach neoplasms,,TNF,1.92,2,,,,,,,,,,,
DB00250,Dapsone,heart valve diseases,,CASP3,4.28,1,,,,,,,,,,,
DB00415,Ampicillin,"lymphoma, large b-cell, diffuse",,ABCG2|MYD88,4.63,2,,,,,,,,,,,
DB00759,Tetracycline,"hepatitis, autoimmune",,IL6,2.11,1,,,,,,,,,,,
DB00740,Riluzole,"cardiomyopathy, alcoholic",,,,,,,,,,,,,,,
DB01073,Fludarabine,hyperglycemia,,LEP,2.79,5,,,,,,,,,,,
DB04861,Nebivolol,"arthritis, experimental",,CAT,2.89,1,,,,,,,,,,,
DB00196,Fluconazole,myocardial reperfusion injury,,CASP9,3.31,1,,,,,,,,,,,
DB00820,Tadalafil,liver cirrhosis,,CTNNB1|HIF1A|IL6|NFE2L2|TGFB1|TNF|VEGFA,16.66,9,,,,,,,,,,,
DB00457,Prazosin,multiple myeloma,,BCL2,3.14,1,,,,,,,,,,,
DB00999,Hydrochlorothiazide,"cell transformation, neoplastic",,CAT|EDN1,3.3,7,,,,,,,,,,,
DB00732,Atracurium besylate,cocaine-related disorders,,HTR3A,4.24,1,,,,,,,,,,,
DB00227,Lovastatin,"hypertension, pulmonary",therapeutic,ACE2|BMPR2|CCL2|CD40LG|CXCL8|EDN1|FOXO1|HIF1A|LEPR|LOX|NOS3|NPPB|SLC6A4|SOD2|TNF,23.28,31,,,,,,,,,,,
DB00441,Gemcitabine,endotoxemia,,,,,,,,,,,,,,,
DB00331,Metformin,nephrosis,,AGT|ALB|DDIT3|EDN1|ICAM1|SOD1|VIM,10.98,7,,,,,,,,,,,
DB01143,Amifostine,"leishmaniasis, cutaneous",,,,,,,,,,,,,,,
DB00975,Dipyridamole,osteoarthritis,,IL1B|PTGS2|TGFB1,6.17,4,,,,,,,,,,,
DB00180,Flunisolide,pulmonary fibrosis,,CCL5|SPP1|TNF,10.58,6,,,,,,,,,,,
DB01183,Naloxone,muscular diseases,,IL1B,2.06,1,,,,,,,,,,,
DB01095,Fluvastatin,melanoma,,CASP8,2.41,2,,,,,,,,,,,
DB00563,Methotrexate,cerebrovascular disorders,,CRP|CXCL10|EDN1|IL17A|IL1RN|MBP|PLAU,5.01,5,,,,,,,,,,,
DB01086,Benzocaine,hypoglycemia,,,,,,,,,,,,,,,
DB00594,Amiloride,"ventricular dysfunction, left",,AGT,2.77,3,,,,,,,,,,,
DB00728,Rocuronium,respiratory paralysis,,,,,,,,,,,,,,,
DB00591,Fluocinolone acetonide,macular edema,,,,,,,,,,,,,,,
DB01110,Miconazole,amyotrophic lateral sclerosis,,ERBB4|SLC6A1|SQSTM1,3.98,3,,,,,,,,,,,
DB00642,Pemetrexed,"lymphoma, t-cell, cutaneous",,FAS|TNFAIP3|TP53,12.76,1,,,,,,,,,,,
DB00842,Oxazepam,"radiation injuries, experimental",,,,,,,,,,,,,,,
DB00907,Cocaine,mitochondrial diseases,,CAMK2A|CASP8|GSTP1|SOD2,2.98,2,,,,,,,,,,,
DB00624,Testosterone,methemoglobinemia,,CYB5R3,3.59,1,,,,,,,,,,,
DB01215,Estazolam,"amnesia, anterograde",,,,,,,,,,,,,,,
DB00759,Tetracycline,inflammatory bowel diseases,,ICAM1|IL6|ITGAL|PTGS2,5.14,3,,,,,,,,,,,
DB00959,Methylprednisolone,"disease models, animal",therapeutic,AKT1|ALPL|DMD|ESR1|GFAP|IFIT3|IL10|IL1B|MAPK1|MET|MX1|NFE2L2|RSAD2|TNF,15.8,13,,,,,,,,,,,
DB01393,Bezafibrate,medulloblastoma,,,,,,,,,,,,,,,
DB00620,Triamcinolone,parkinson disease,,IL6|TNF,4.24,1,,,,,,,,,,,
DB00796,Candesartan cilexetil,"liver cirrhosis, biliary",,NOS2|NOS3|TGFB1,11.34,1,,,,,,,,,,,
DB00925,Phenoxybenzamine,amphetamine-related disorders,,FOS|GSTP1,5.52,2,,,,,,,,,,,
DB00178,Ramipril,"carcinoma, non-small-cell lung",,CAT|FOXO3,4.33,2,,,,,,,,,,,
DB00198,Oseltamivir,"colitis, ulcerative",,,,,,,,,,,,,,,
DB00282,Pamidronic acid,glioblastoma,,EGF|EGFR|IL1B,8.01,5,,,,,,,,,,,
DB01059,Norfloxacin,leishmaniasis,,,,,,,,,,,,,,,
DB00490,Buspirone,peripheral nervous system diseases,,ABCA1|DAPK1|GSTP1|ICAM1|IGF1|IL6|JUN|MBL2,5.38,8,,,,,,,,,,,
DB01019,Bethanechol,hypotension,,IFNG|IL1A,4.52,2,,,,,,,,,,,
DB00993,Azathioprine,learning disorders,,,,,,,,,,,,,,,
DB00951,Isoniazid,"leishmaniasis, cutaneous",,CXCL8|IFNG|IL10|IL1B|TNF,12.92,3,,,,,,,,,,,
DB00291,Chlorambucil,tongue neoplasms,marker/mechanism,BIRC5|CASP8|CDKN1A|FAS|GCLC|GSTM1|GSTP1|MYC|NFE2L2|TP53|TYRP1,18.99,23,,,,,,,,,,,
DB01115,Nifedipine,"dermatitis, atopic",,CYP1A1|IL1B,3.25,2,,,,,,,,,,,
DB00646,Nystatin,fibrosis,,AKT1|ALB|IL1B|VIM,11.24,4,,,,,,,,,,,
DB00718,Adefovir dipivoxil,brain injuries,,,,,,,,,,,,,,,
DB00381,Amlodipine,glioblastoma,,,,,,,,,,,,,,,
DB00668,Epinephrine,endometrial neoplasms,,CCND1|CNR1,3.73,3,,,,,,,,,,,
DB00779,Nalidixic acid,atherosclerosis,,,,,,,,,,,,,,,
DB00776,Oxcarbazepine,parkinson disease,,,,,,,,,,,,,,,
DB00950,Fexofenadine,liver neoplasms,,TNF,2.11,1,,,,,,,,,,,
DB01086,Benzocaine,berylliosis,,,,,,,,,,,,,,,
DB01128,Bicalutamide,"disease models, animal",,ABCB4|AKT1|ARG1|ESR1|FKBP11|FOS|HK2|LDHA|LMNB1|MAPK1|MAPK3|MET|MYC|RRM2|SERPINE1|SLC4A4|TK1|TNF|TYMS,35.25,8,,,,,,,,,,,
DB00472,Fluoxetine,"lymphoma, t-cell, cutaneous",,BAX|CDKN2A|TP53,6.53,2,,,,,,,,,,,
DB00572,Atropine,hepatitis,,F2R|TNF,3.34,2,,,,,,,,,,,
DB01039,Fenofibrate,hypertrophy,marker/mechanism,AGT|AHR|CDKN1A|EDN1|F2|IGF2R|SIRT1,6.76,15,,,,,,,,,,,
DB01196,Estramustine,stomach neoplasms,,,,,,,,,,,,,,,
DB01098,Rosuvastatin,liver neoplasms,,ESR1|NFE2L2|TNF,4.4,4,,,,,,,,,,,
DB00753,Isoflurane,hypokalemia,,,,,,,,,,,,,,,
DB00312,Pentobarbital,non-alcoholic fatty liver disease,,CYP1A2|IL1B|TNF,4.82,2,,,,,,,,,,,
DB00687,Fludrocortisone,drug toxicity,,,,,,,,,,,,,,,
DB00700,Eplerenone,drug toxicity,,,,,,,,,,,,,,,
DB01184,Domperidone,stomach neoplasms,,IL6,2.2,1,,,,,,,,,,,
DB00455,Loratadine,sneezing,,,,,,,,,,,,,,,
DB01017,Minocycline,non-alcoholic fatty liver disease,,IL1B|NLRP3|PRDX3|TGFB1|TNF|XBP1,8.69,5,,,,,,,,,,,
DB00338,Omeprazole,memory disorders,,BCL2|IGF1|IL1B|PRL,2.02,4,,,,,,,,,,,
DB00338,Omeprazole,"hypertension, pulmonary",,ACE2|ATP7A|LOX|TNF,4.19,3,,,,,,,,,,,
DB00461,Nabumetone,myocardial reperfusion injury,,,,,,,,,,,,,,,
DB00480,Lenalidomide,"meningitis, aseptic",,,,,,,,,,,,,,,
DB01156,Bupropion,inflammation,,CYP2B1,4.11,1,,,,,,,,,,,
DB00630,Alendronic acid,liver diseases,,,,,,,,,,,,,,,
DB01214,Metipranolol,stomach neoplasms,,,,,,,,,,,,,,,
DB01226,Mivacurium,organophosphate poisoning,,BCHE,4.32,8,,,,,,,,,,,
DB00730,Thiabendazole,neoplasm invasiveness,,AHR|ANGPTL4|CFL1|CYP2E1|HMOX1|IL1B|TKT,5.43,8,,,,,,,,,,,
DB00535,Cefdinir,heart valve diseases,,,,,,,,,,,,,,,
DB00929,Misoprostol,ovarian neoplasms,,,,,,,,,,,,,,,
DB01032,Probenecid,stomach neoplasms,,CCND1|CDKN1A|CXCL8|EGFR|FADS1|IL6|MAPK1|MAPK3|PLIN2|PTGS2|RELA|TGFA|TNF,27.46,15,,,,,,,,,,,
DB00526,Oxaliplatin,neurodegenerative diseases,,GPX3|GSTM2|GSTM5|HMOX1|IL6|MAPT|NGF|PSEN1|SOD2|TARDBP,4.34,8,,,,,,,,,,,
DB00694,Daunorubicin,substance withdrawal syndrome,,ADCY1|ADCY8|ADORA1|ADORA2A|ARL6IP5|AVP|BDNF|CHRNA7|CNR1|FOS|GNAI1|GNAS|GRIA1|GRIN2A|HCRTR1|HRH1|HRH2|MAPK1|MAPK3|MMP9|NOS2|PER1|PER2|PER3|PRL|REN|RHOA|SLC6A1|SMAD1|SMURF1,6.23,27,,,,,,,,,,,
DB00580,Valdecoxib,nerve degeneration,,APLP2|APP|ATRN|CP|DDIT4|FGF2|IFNG|OTC|SOD2|TNF,3.89,23,,,,,,,,,,,
DB00572,Atropine,"disease models, animal",,AKT1|BDKRB2|CALCA|CTNNB1|FOS|GFAP|IL1B|MAPK1|MAPK3|MAPK8|RHOA|TNF,18.36,6,,,,,,,,,,,
DB01112,Cefuroxime,"pneumonia, bacterial",,,,,,,,,,,,,,,
DB00554,Piroxicam,hypertrophy,,CDKN1A,2.33,1,,,,,,,,,,,
DB00277,Theophylline,"muscular dystrophy, facioscapulohumeral",,ACAN|CDKN1A|DCN|LUM,7.61,1,,,,,,,,,,,
DB08860,Pitavastatin,cerebral hemorrhage,,CASP3|CASP8,6.08,1,,,,,,,,,,,
DB00959,Methylprednisolone,liver neoplasms,,ASNS|CXCL1|ESR1|HMOX1|NFE2L2|PHGDH|PPARG|TNF,6.21,8,,,,,,,,,,,
DB00215,Citalopram,lung neoplasms,,AKT1|BCL2L1|BIRC5|BRCA2|CCND1|CDKN1A|CDKN1B|DAPK1|DNMT3A|ERBB2|FAS|FGF9|FGFR1|FOS|HRAS|IL6|JUN|MYC|PIK3CA|RAF1|RASSF1,33.58,29,,,,,,,,,,,
DB00284,Acarbose,amphetamine-related disorders,,NPY,3.53,1,,,,,,,,,,,
DB00364,Sucralfate,proteinuria,,,,,,,,,,,,,,,
DB00681,Amphotericin B,ovarian neoplasms,,ANXA3|BIRC5|BRCA1|CXCL8|EREG|IL6|MECOM|MKI67|MYC|PRC1|STAT3,15.53,19,,,,,,,,,,,
DB00346,Alfuzosin,prostatic neoplasms,,,,,,,,,,,,,,,
DB00227,Lovastatin,hyperoxaluria,,CCL2|CCL5|IL6|NFKB1,11.46,1,,,,,,,,,,,
DB00860,Prednisolone,"liver cirrhosis, biliary",,ABCG2|NFE2L2|NFKB1|NOS2|RELA|STAT4|TGFB1,16.7,3,,,,,,,,,,,
DB00993,Azathioprine,diabetic neuropathies,,SGK1|TGFB1|TLR4,4.22,2,,,,,,,,,,,
DB00293,Raltitrexed,gallbladder neoplasms,,TP53,4.18,2,,,,,,,,,,,
DB00590,Doxazosin,glioma,,,,,,,,,,,,,,,
DB00419,Miglustat,"lymphoma, t-cell, cutaneous",,,,,,,,,,,,,,,
DB00630,Alendronic acid,"lupus erythematosus, systemic",,,,,,,,,,,,,,,
DB00561,Doxapram,myoclonic dystonia,,,,,,,,,,,,,,,
DB00331,Metformin,gastrointestinal diseases,,ABCC2|EDN1|KEAP1|NFE2L2|POMC,2.37,4,,,,,,,,,,,
DB00277,Theophylline,adenomatous polyposis coli,,AKT1|FMO3|GREM1|ITIH4|MSH3|NTHL1|PTGS2|SOD2,9.46,8,,,,,,,,,,,
DB01189,Desflurane,"hepatitis, autoimmune",,,,,,,,,,,,,,,
DB01200,Bromocriptine,retinal detachment,,,,,,,,,,,,,,,
DB00883,Isosorbide dinitrate,inflammation,,EDN1,2.75,1,,,,,,,,,,,
DB01118,Amiodarone,small cell lung carcinoma,,CDYL|EGFR|ID2|TP53,2.94,4,,,,,,,,,,,
DB00307,Bexarotene,fibrosis,,ACTA2|ADRB2|ATM|CTNNB1|GPX4|IL4|LGALS3|SLC27A2,6.29,8,,,,,,,,,,,
DB00759,Tetracycline,"pregnancy complications, cardiovascular",,FAS|IL6,5.14,1,,,,,,,,,,,
DB01254,Dasatinib,behcet syndrome,,AHR|CXCL8,4.75,2,,,,,,,,,,,
DB01073,Fludarabine,cholestasis,,,,,,,,,,,,,,,
DB00659,Acamprosate,"psychoses, substance-induced",,,,,,,,,,,,,,,
DB00966,Telmisartan,adenoma,,BCL2|GJA1,3.96,3,,,,,,,,,,,
DB00993,Azathioprine,hyperinsulinism,,CCL2|GLUD1|IRS1|TNF,3.98,3,,,,,,,,,,,
DB00635,Prednisone,cardiovascular diseases,,ALB,4.2,1,,,,,,,,,,,
DB00182,Amphetamine,diabetic nephropathies,,ACE2|ADIPOQ|ALB|CDKN1A|CNDP2|COL4A1|FN1|MDK|MFN2|NFE2L2|PRKCE|SOD2|TGFBI|VEGFA,8.48,15,,,,,,,,,,,
DB00796,Candesartan cilexetil,spinal cord injuries,,,,,,,,,,,,,,,
DB00679,Thioridazine,"diabetes mellitus, experimental",,CASP3|TP53,3.26,2,,,,,,,,,,,
DB00313,Valproic acid,"tuberculosis, pulmonary",,ASAP1|CCL2|MMP7|MMP8,2.33,4,,,,,,,,,,,
DB00975,Dipyridamole,disease progression,,APOE|IL1B|TNF|TP53,6.6,3,,,,,,,,,,,
DB00176,Fluvoxamine,"wilms tumor, aniridia, genitourinary anomalies, mental retardation, and obesity syndrome",,,,,,,,,,,,,,,
DB00927,Famotidine,drug toxicity,,,,,,,,,,,,,,,
DB01017,Minocycline,kidney neoplasms,,CDKN1B|IL2|MAPK1|MAPK3|PTGS2|SOD2|VHL,12.95,9,,,,,,,,,,,
DB01204,Mitoxantrone,"lymphoma, t-cell, cutaneous",,ATM|BAX|FAS|TP53,11.35,2,,,,,,,,,,,
DB01005,Hydroxyurea,entamoebiasis,,IL1B|IL6,9.55,1,,,,,,,,,,,
DB00715,Paroxetine,acatalasia,,CAT,4.7,7,,,,,,,,,,,
DB01254,Dasatinib,muscular diseases,,CTSB|TGFB1,2.62,2,,,,,,,,,,,
DB00227,Lovastatin,"hypertrophy, left ventricular",therapeutic,AGT|CKM|COL1A1|COL3A1|CTNNB1|EDN1|FN1|MTOR|NPPA|RPS6KB1|STK11,16.15,16,,,,,,,,,,,
DB00368,Norepinephrine,cleft lip,,FGF2|MYC,5.18,2,,,,,,,,,,,
DB00683,Midazolam,brain ischemia,,CCL2|IL1B|IL6|MAPK1|MAPK3|RELA|TNF,16.43,7,,,,,,,,,,,
DB01356,Lithium cation,lewy body disease,,,,,,,,,,,,,,,
DB00312,Pentobarbital,mycoplasma infections,,,,,,,,,,,,,,,
DB00685,Trovafloxacin,diabetes mellitus,,CPT1A|POMC|PTGS2,2.5,3,,,,,,,,,,,
DB01611,Hydroxychloroquine,drug hypersensitivity,,IL10|TNF,3.19,3,,,,,,,,,,,
DB00733,Pralidoxime,breast neoplasms,,ACHE|BCHE|CAT,6.71,2,,,,,,,,,,,
DB00975,Dipyridamole,"mammary neoplasms, animal",,HMOX1|SPP1,3.39,2,,,,,,,,,,,
DB00622,Nicardipine,reperfusion injury,,AGT|FOS|PPARG,6.45,5,,,,,,,,,,,
DB00715,Paroxetine,"liver neoplasms, experimental",,JAK2|MAPK1|MAPK3|STAT3|TNF,6.13,2,,,,,,,,,,,
DB00641,Simvastatin,scrapie,,ATF6|SOD1,6.19,2,,,,,,,,,,,
DB00321,Amitriptyline,melanoma,,ALDH1A1|HPSE,2.95,2,,,,,,,,,,,
DB01233,Metoclopramide,"kidney failure, chronic",,TNF,2.18,1,,,,,,,,,,,
DB01082,Streptomycin,calcinosis,,TNF,2.76,1,,,,,,,,,,,
DB00694,Daunorubicin,"dermatitis, atopic",,IL1B|IL6,8.55,1,,,,,,,,,,,
DB01220,Rifaximin,lung neoplasms,,IFNG|IL10|MPO|TGFB1|TNF,13.11,7,,,,,,,,,,,
DB00550,Propylthiouracil,cachexia,,IGF1|IL6|PTGS2|PTHLH|TNF|TNFRSF1A,2.91,3,,,,,,,,,,,
DB01026,Ketoconazole,memory disorders,,AVP|BCL2|GABRA5|IL1B|PRKN|PRL|SLC17A7|STAT3|VEGFA,2.59,9,,,,,,,,,,,
DB00575,Clonidine,headache,,,,,,,,,,,,,,,
DB01186,Pergolide,memory disorders,,DRD2|PRL,3.94,2,,,,,,,,,,,
DB08860,Pitavastatin,nephrosis,,ATF4|IL6|NOS2|TNF,6.98,7,,,,,,,,,,,
DB00976,Telithromycin,hyperkinesis,,,,,,,,,,,,,,,
DB01156,Bupropion,"liver cirrhosis, experimental",,CD74|FOS,2.75,1,,,,,,,,,,,
DB01115,Nifedipine,entamoebiasis,,IL1B,3.22,1,,,,,,,,,,,
DB00542,Benazepril,thyroid neoplasms,,CCL2|IL6|MAPK1|TNF,9.58,2,,,,,,,,,,,
DB01086,Benzocaine,"osteoporosis, postmenopausal",,,,,,,,,,,,,,,
DB00448,Lansoprazole,"glomerulosclerosis, focal segmental",,TGFB1,2.83,3,,,,,,,,,,,
DB00455,Loratadine,inflammation,,ACE2|CXCL8|PARP1,5.88,4,,,,,,,,,,,
DB00235,Milrinone,cocaine-related disorders,,NOS1,3.59,1,,,,,,,,,,,
DB01095,Fluvastatin,substance withdrawal syndrome,,MMP9|NOS2|RHOA,3.7,3,,,,,,,,,,,
DB00293,Raltitrexed,precancerous conditions,,,,,,,,,,,,,,,
DB00459,Acitretin,neoplasms,,,,,,,,,,,,,,,
DB01611,Hydroxychloroquine,leishmaniasis,,IL10|IL6|TNF,9.63,2,,,,,,,,,,,
DB00291,Chlorambucil,brain neoplasms,,ABCB1|ABCC1|AURKA|BAX|BCL2|BIRC2|BIRC5|CASP8|CDA|DHFR|EDNRB|GSTP1|H2AX|MDM2|NFE2L2|RAD51|TP53,27.94,30,,,,,,,,,,,
DB00419,Miglustat,myocardial reperfusion injury,,,,,,,,,,,,,,,
DB00227,Lovastatin,female urogenital diseases,,IGF1|LIF|TIMP1|WNT4|WNT5A,12.86,1,,,,,,,,,,,
DB00438,Ceftazidime,breast neoplasms,,DHFR|IL10,3.45,3,,,,,,,,,,,
DB01101,Capecitabine,disease progression,,CAT|ERBB3|HIF1A|HRAS|MMP2|MYB|SOD1,12.87,10,,,,,,,,,,,
DB00421,Spironolactone,"nephritis, interstitial",,ALB|CCL2|CCL7|CRP|CYP2C9|CYP2D6|DCN|NGF|THBS1,8.65,9,,,,,,,,,,,
DB00675,Tamoxifen,raynaud disease,,IFNA2,3.35,1,,,,,,,,,,,
DB00334,Olanzapine,hepatitis c,,CYP3A4,2.7,1,,,,,,,,,,,
DB00331,Metformin,parkinsonian disorders,,ALDH1A1|ATP1A3|GSR|MAPT|PARP1|PINK1|PRKN|PRL|TH,7.1,21,,,,,,,,,,,
DB01068,Clonazepam,neurotoxicity syndromes,,,,,,,,,,,,,,,
DB00958,Carboplatin,"hepatitis, autoimmune",,IL6,2.54,1,,,,,,,,,,,
DB01416,Cefpodoxime,seizures,,,,,,,,,,,,,,,
DB00472,Fluoxetine,non-alcoholic fatty liver disease,,ABCC2|CAT|CYP17A1|GPT|IL1B|NFE2L2|PNPLA3|PPARA|PPARG|TNF|VLDLR,12.97,11,,,,,,,,,,,
DB00162,Vitamin A,neointima,,MMP2|MMP9,9.63,1,,,,,,,,,,,
DB00533,Rofecoxib,uremia,,,,,,,,,,,,,,,
DB00762,Irinotecan,prostatic intraepithelial neoplasia,,CDH1,2.89,1,,,,,,,,,,,
DB00519,Trandolapril,lung neoplasms,,ACE,3.12,1,,,,,,,,,,,
DB01268,Sunitinib,"lymphoma, large b-cell, diffuse",,ABCB1|ABCG2|BCL2|CAT|CCDC86|CDK1|EZH2|MYC|MYD88|NECTIN2|PIK3CA|PIK3CD|PRDX4|RANGAP1|RPS6KB1|SKP2|SOD2|SOD3|TXNIP,13.67,11,,,,,,,,,,,
DB00950,Fexofenadine,non-alcoholic fatty liver disease,,ABCC2|IL1A|IL1B|TNF,10.93,3,,,,,,,,,,,
DB01119,Diazoxide,neoplasms,,,,,,,,,,,,,,,
DB00860,Prednisolone,amphetamine-related disorders,,ADORA2A|AKT1|HTR3A|RELA,5.9,3,,,,,,,,,,,
DB00238,Nevirapine,sepsis,,CASP3|IFNG|IL1B|IL6,6.93,3,,,,,,,,,,,
DB01229,Paclitaxel,"pneumonia, aspiration",,NOS2,2.44,1,,,,,,,,,,,
DB04861,Nebivolol,berylliosis,,,,,,,,,,,,,,,
DB00355,Aztreonam,bacteremia,,,,,,,,,,,,,,,
DB01104,Sertraline,"hepatitis, autoimmune",,,,,,,,,,,,,,,
DB00734,Risperidone,hypertrophy,,,,,,,,,,,,,,,
DB00277,Theophylline,gliosis,,ANGPT1|BDNF|FGF2|ITGA1|ITGA2|ITGA5|ITGB1|KCNK3|MAPK1|MAPK3,3.9,5,,,,,,,,,,,
DB00730,Thiabendazole,berylliosis,,,,,,,,,,,,,,,
DB01220,Rifaximin,breast neoplasms,,ABCB1|ACTA2|CYP3A4|IFNG|IL10|TNF,13.79,7,,,,,,,,,,,
DB00182,Amphetamine,barrett esophagus,,NR1I2|PTGS2,3.12,4,,,,,,,,,,,
DB00264,Metoprolol,neural tube defects,,,,,,,,,,,,,,,
DB00595,Oxytetracycline,parkinson disease,,,,,,,,,,,,,,,
DB00364,Sucralfate,"shock, hemorrhagic",,,,,,,,,,,,,,,
DB00700,Eplerenone,cerebral hemorrhage,,COL4A1,3.83,2,,,,,,,,,,,
DB00471,Montelukast,muscular diseases,,ALB|IL1B,4.12,2,,,,,,,,,,,
DB00853,Temozolomide,poisoning,,ABCB1|BCHE|GSK3B,13.03,7,,,,,,,,,,,
DB00250,Dapsone,thrombosis,marker/mechanism,,,1,,,,,,,,,,,
DB00999,Hydrochlorothiazide,neoplasm invasiveness,,CAT|CCL2|CDKN2A,4.01,5,,,,,,,,,,,
DB01006,Letrozole,skin neoplasms,,AKT1|GJA1|MMP9|NFE2L2|RELA|TGFB1,13.64,5,,,,,,,,,,,
DB01378,Magnesium cation,retinal detachment,,,,,,,,,,,,,,,
DB00619,Imatinib,hypertriglyceridemia,,AKT1,2.34,1,,,,,,,,,,,
DB00822,Disulfiram,muscular diseases,,IL1B|MAOA|TGFB1,2.26,3,,,,,,,,,,,
DB00254,Doxycycline,"lupus erythematosus, systemic",,IL6,2.27,1,,,,,,,,,,,
DB00772,Malathion,gliosis,marker/mechanism,BDNF|ITGA4|SOD1,3.67,5,,,,,,,,,,,
DB01119,Diazoxide,coronary artery disease,,HMOX1,2.6,1,,,,,,,,,,,
DB00191,Phentermine,calcinosis,,CCL2,3.3,2,,,,,,,,,,,
DB00709,Lamivudine,cholangiocarcinoma,,IDH2,3.36,1,,,,,,,,,,,
DB00620,Triamcinolone,alopecia areata,,,,,,,,,,,,,,,
DB00625,Efavirenz,lecithin acyltransferase deficiency,,,,,,,,,,,,,,,
DB00742,Mannitol,"dermatitis, atopic",,IL6|MAPK8|SELE,6.59,3,,,,,,,,,,,
DB01041,Thalidomide,"hypertrophy, left ventricular",,CKM,4.72,1,,,,,,,,,,,
DB00554,Piroxicam,muscular diseases,,HMGCR,2.96,1,,,,,,,,,,,
DB00594,Amiloride,neurodegenerative diseases,,PKD2,3.83,1,,,,,,,,,,,
DB01229,Paclitaxel,silicosis,,CAV1|CCL2|IL1B|JUN|LOX|NOS2|NPM1|PTEN|SPARC,24.01,7,,,,,,,,,,,
DB00419,Miglustat,peripheral nervous system diseases,,,,,,,,,,,,,,,
DB01095,Fluvastatin,glioblastoma,,BHLHE40|IL1B|MMP2|MMP9|MTOR,11,4,,,,,,,,,,,
DB01221,Ketamine,porphyria cutanea tarda,,,,,,,,,,,,,,,
DB01229,Paclitaxel,intestinal diseases,,DDIT3|NOS2,2.48,2,,,,,,,,,,,
DB00177,Valsartan,mycoplasma infections,,CASP3|NOS2,10.43,1,,,,,,,,,,,
DB00312,Pentobarbital,endometrial neoplasms,,CCND1|CNR1|PGR,6.51,4,,,,,,,,,,,
DB00227,Lovastatin,cleft lip,,FGF2|MTHFR|NOS3|TYMS,7.43,3,,,,,,,,,,,
DB00857,Terbinafine,heart valve diseases,,CCL2,3.42,1,,,,,,,,,,,
DB01119,Diazoxide,endometrial neoplasms,,ABCC9|CCND1,5.73,2,,,,,,,,,,,
DB00393,Nimodipine,"carcinoma, squamous cell",,BIRC5|MAPK1|MAPK3,6.13,2,,,,,,,,,,,
DB00490,Buspirone,cardiovascular diseases,,APOB|ICAM1,2.78,4,,,,,,,,,,,
DB00669,Sumatriptan,disease progression,,CTNNB1|FAS|IL1A|IL1B|MIF|MMP2|RELA|TNF,16.31,9,,,,,,,,,,,
DB01086,Benzocaine,"pregnancy complications, cardiovascular",,,,,,,,,,,,,,,
DB00376,Trihexyphenidyl,deglutition disorders,marker/mechanism,APOE|MET|PTGS2,5.76,5,,,,,,,,,,,
DB00709,Lamivudine,psoriasis,,CAT|IL1B|TNF,4.69,3,,,,,,,,,,,
DB00206,Reserpine,carotid artery diseases,,,,,,,,,,,,,,,
DB00842,Oxazepam,atrophy,,,,,,,,,,,,,,,
DB00252,Phenytoin,aortic aneurysm,,,,,,,,,,,,,,,
DB00202,Succinylcholine,amphetamine-related disorders,,BCHE,4.89,8,,,,,,,,,,,
DB01095,Fluvastatin,edema,,CASP3|CASP8|CAT|GSR,3.45,1,,,,,,,,,,,
DB00938,Salmeterol,autoimmune diseases,,,,,,,,,,,,,,,
DB00790,Perindopril,"liver cirrhosis, biliary",,ALB|NFKB1|NOS2|RELA|TGFB1,17.37,2,,,,,,,,,,,
DB01378,Magnesium cation,"hepatitis, autoimmune",,,,,,,,,,,,,,,
DB00543,Amoxapine,alzheimer disease,,,,,,,,,,,,,,,
DB00238,Nevirapine,nervous system diseases,,ADRB2|CASP3,2.74,2,,,,,,,,,,,
DB00822,Disulfiram,erectile dysfunction,,BCL2|BCL2L1,2.38,1,,,,,,,,,,,
DB01023,Felodipine,autistic disorder,,AR,2.78,1,,,,,,,,,,,
DB00490,Buspirone,nervous system diseases,,ABCC2|ABCG2|CASP3|NOS1|TNF,2.33,4,,,,,,,,,,,
DB01079,Tegaserod,enterocolitis,,,,,,,,,,,,,,,
DB00444,Teniposide,precancerous conditions,,GSTP1|MIR196B,5.9,7,,,,,,,,,,,
DB00293,Raltitrexed,alzheimer disease,,,,,,,,,,,,,,,
DB00907,Cocaine,duodenal ulcer,,,,,,,,,,,,,,,
DB00334,Olanzapine,retinal detachment,,,,,,,,,,,,,,,
DB01229,Paclitaxel,pancreatic diseases,,HMOX1,2.18,1,,,,,,,,,,,
DB00495,Zidovudine,"leukemia, myelogenous, chronic, bcr-abl positive",,TERT,3.06,1,,,,,,,,,,,
DB00369,Cidofovir,neoplasm invasiveness,,AHR|ALDOA|ANGPTL4|AXL|HIF1A|HMOX1|ITGB1|KRT19|MT2A|MTDH|NFE2L2|SORL1|TXN|XPC,20.36,15,,,,,,,,,,,
DB00993,Azathioprine,glioblastoma,,CSTA|CTSB|CXCL8|FAM83D|H2AX|HEY1|IL1B|JAG1|MET|MTOR|NDRG1|PIM1|PROM1|RECK,19.83,13,,,,,,,,,,,
DB01059,Norfloxacin,pain,,,,,,,,,,,,,,,
DB00252,Phenytoin,"leukemia, myelogenous, chronic, bcr-abl positive",,,,,,,,,,,,,,,
DB00783,Estradiol,neuromyelitis optica,,AQP4,5.46,2,,,,,,,,,,,
DB01029,Irbesartan,"carcinoma, non-small-cell lung",,CDKN2A|CYP2E1|EGFR|KRAS|MMP9,11.16,23,,,,,,,,,,,
DB00224,Indinavir,"lymphoma, large b-cell, diffuse",,,,,,,,,,,,,,,
DB01184,Domperidone,"leishmaniasis, cutaneous",,,,,,,,,,,,,,,
DB01214,Metipranolol,"ischemic attack, transient",,,,,,,,,,,,,,,
DB00250,Dapsone,diabetic retinopathy,,CASP3,4.4,1,,,,,,,,,,,
DB00550,Propylthiouracil,"mastocytosis, systemic",,HMOX1|KIT,2.95,2,,,,,,,,,,,
DB00850,Perphenazine,disorders of excessive somnolence,,,,,,,,,,,,,,,
DB00175,Pravastatin,brain neoplasms,,SIRT1,2.83,1,,,,,,,,,,,
DB00950,Fexofenadine,urinary bladder neoplasms,,CXCL8|MMP2|MMP9|PTGS2|TIMP2|TNF,15.22,11,,,,,,,,,,,
DB00493,Cefotaxime,head and neck neoplasms,,,,,,,,,,,,,,,
DB00693,Fluorescein,peripheral nervous system diseases,,ABCC1,3.33,1,,,,,,,,,,,
DB00594,Amiloride,uremia,,TGFB1,5.03,1,,,,,,,,,,,
DB01291,Pirbuterol,ventricular dysfunction,therapeutic,ADRB2,4.55,2,,,,,,,,,,,
DB01204,Mitoxantrone,hyperalgesia,,GFAP,3.15,1,,,,,,,,,,,
DB01132,Pioglitazone,"hyperuricemic nephropathy, familial juvenile, 2",,,,,,,,,,,,,,,
DB01656,Roflumilast,entamoebiasis,,IL1B|IL6,9.89,1,,,,,,,,,,,
DB00724,Imiquimod,drug toxicity,,,,,,,,,,,,,,,
DB01356,Lithium cation,"hyperuricemic nephropathy, familial juvenile, 2",,,,,,,,,,,,,,,
DB01095,Fluvastatin,"arthritis, experimental",,CAT|IL1B,4,4,,,,,,,,,,,
DB00227,Lovastatin,"nephritis, interstitial",marker/mechanism,CCL2|CRP|CYP2C9|CYP2D6|THBS1,3.66,5,,,,,,,,,,,
DB00557,Hydroxyzine,sneezing,therapeutic,,,2,,,,,,,,,,,
DB00796,Candesartan cilexetil,pancreatic diseases,,SOD2,3.76,1,,,,,,,,,,,
DB00291,Chlorambucil,"mammary neoplasms, experimental",,AURKA,3.09,1,,,,,,,,,,,
DB00595,Oxytetracycline,cardiomyopathies,,CAT,2.49,1,,,,,,,,,,,
DB00672,Chlorpropamide,drug-induced liver injury,,,,,,,,,,,,,,,
DB00951,Isoniazid,urticaria,,MPO,4.95,1,,,,,,,,,,,
DB00975,Dipyridamole,hypertrophy,,,,,,,,,,,,,,,
DB01248,Docetaxel,"nephritis, interstitial",,CYP2D6,2.81,1,,,,,,,,,,,
DB00370,Mirtazapine,muscle rigidity,,,,,,,,,,,,,,,
DB00548,Azelaic acid,myocardial reperfusion injury,,,,,,,,,,,,,,,
DB00909,Zonisamide,acute kidney injury,,NOS2,2.39,1,,,,,,,,,,,
DB00312,Pentobarbital,"kidney failure, chronic",,IL6|TNF,3.76,1,,,,,,,,,,,
DB00999,Hydrochlorothiazide,vascular diseases,,SLC12A3,3.76,1,,,,,,,,,,,
DB00273,Topiramate,hypotension,,ADRA2A|CNR1|DRD2,3.02,7,,,,,,,,,,,
DB00949,Felbamate,myocardial reperfusion injury,,EPHX2,3.35,1,,,,,,,,,,,
DB00800,Fenoldopam,alzheimer disease,,SLC2A4,3.28,1,,,,,,,,,,,
DB00674,Galantamine,auditory perceptual disorders,,CHRNA7,5.42,1,,,,,,,,,,,
DB00694,Daunorubicin,neuroectodermal tumors,,MYC,2.46,1,,,,,,,,,,,
DB01586,Ursodeoxycholic acid,female urogenital diseases,,,,,,,,,,,,,,,
DB01224,Quetiapine,carcinoma,,ABCB1,2.66,1,,,,,,,,,,,
DB00493,Cefotaxime,cardiomyopathies,marker/mechanism,ACE2|CAT|EPO|IL1B|TNF,8.08,9,,,,,,,,,,,
DB00605,Sulindac,gastrointestinal diseases,,CHD8|KEAP1,3.03,2,,,,,,,,,,,
DB00950,Fexofenadine,endometrial neoplasms,,CXCL8,3.05,1,,,,,,,,,,,
DB00572,Atropine,hepatitis c,,F2R|TNF,3.34,2,,,,,,,,,,,
DB00178,Ramipril,ovarian neoplasms,,CTNNB1|IL6,4.08,3,,,,,,,,,,,
DB00382,Tacrine,sepsis,,IL10|IL1B|IL6|NOS2|TNF,13.43,7,,,,,,,,,,,
DB00474,Methohexital,"pulmonary disease, chronic obstructive",,,,,,,,,,,,,,,
DB01086,Benzocaine,cachexia,,,,,,,,,,,,,,,
DB01085,Pilocarpine,neuroectodermal tumors,,,,,,,,,,,,,,,
DB00630,Alendronic acid,atherosclerosis,,,,,,,,,,,,,,,
DB00518,Albendazole,hepatitis,,TNF,2.22,1,,,,,,,,,,,
DB00317,Gefitinib,metabolic syndrome x,,CCL2,2.51,2,,,,,,,,,,,
DB00763,Methimazole,aortic aneurysm,,AGT,2.6,1,,,,,,,,,,,
DB01072,Atazanavir,urinary calculi,,,,,,,,,,,,,,,
DB00182,Amphetamine,coronary artery disease,,ANGPTL4|CARF|CD40LG|CELSR2|CRP|DDAH2|FES|HMOX1|MIR146B|MRAS|MRPS6|PTGS2|SORT1|TCF21|VAMP8|VEGFA,9.45,13,,,,,,,,,,,
DB00903,Etacrynic acid,"hypertension, pulmonary",,TNF,2.4,1,,,,,,,,,,,
DB01104,Sertraline,endometrial neoplasms,,CYP11A1|MYC|NFE2L2|STAR,8.01,3,,,,,,,,,,,
DB00595,Oxytetracycline,myocardial infarction,,CAT|HSP27,4.56,2,,,,,,,,,,,
DB01156,Bupropion,urinary bladder neoplasms,,CAT|SOD1,3.25,1,,,,,,,,,,,
DB01226,Mivacurium,learning disorders,,,,,,,,,,,,,,,
DB01110,Miconazole,papilloma,,ODC1,2.88,1,,,,,,,,,,,
DB00909,Zonisamide,cardiomyopathies,,,,,,,,,,,,,,,
DB00162,Vitamin A,parkinsonian disorders,,ALDH1A1|ALDH1A2|DRD2|SNCA,5.09,14,,,,,,,,,,,
DB01248,Docetaxel,hyperlipidemias,,,,,,,,,,,,,,,
DB01394,Colchicine,hepatomegaly,,ABCC3|AHR|AKT1|ALB|CYP1A1|MTOR|NFE2L2|NOS2|NR1H4|NR5A2|RELA|TGFB1,10.1,10,,,,,,,,,,,
DB00687,Fludrocortisone,"scleroderma, localized",,,,,,,,,,,,,,,
DB01183,Naloxone,barrett esophagus,,,,,,,,,,,,,,,
DB00361,Vinorelbine,"cell transformation, neoplastic",,TGFB1,2.41,1,,,,,,,,,,,
DB01113,Papaverine,pain,marker/mechanism,,,3,,,,,,,,,,,
DB00967,Desloratadine,asthma,,BCL2|IL5|PARP1,8.6,4,,,,,,,,,,,
DB00457,Prazosin,metabolic syndrome x,,CRP,3.6,1,,,,,,,,,,,
DB00367,Levonorgestrel,ischemia,,,,,,,,,,,,,,,
DB00434,Cyproheptadine,amphetamine-related disorders,,CYP2D6|RELA,6.83,2,,,,,,,,,,,
DB01183,Naloxone,"disease models, animal",,AGT|AKT1|APEX1|CALCA|FASN|FOS|IL1B|MAPK1|MAPK3|MMP9|MYC|TIMP1|TNF,21.19,6,,,,,,,,,,,
DB01156,Bupropion,acute kidney injury,,CYP2C19,4.65,1,,,,,,,,,,,
DB00542,Benazepril,brain diseases,,TGFB1,2.46,1,,,,,,,,,,,
DB01186,Pergolide,calcinosis,,TP53,3.03,1,,,,,,,,,,,
DB00605,Sulindac,primary sclerosing cholangitis,,,,,,,,,,,,,,,
DB00152,Thiamine,osteoporosis,,TGFB1,4.12,1,,,,,,,,,,,
DB00800,Fenoldopam,cerebral hemorrhage,,,,,,,,,,,,,,,
DB01196,Estramustine,lung neoplasms,,,,,,,,,,,,,,,
DB00188,Bortezomib,brain diseases,,IFNG,2.89,1,,,,,,,,,,,
DB00484,Brimonidine,psoriasis,,,,,,,,,,,,,,,
DB01611,Hydroxychloroquine,pain,,TNF,1.95,2,,,,,,,,,,,
DB06695,Dabigatran etexilate,intracranial hemorrhages,,,,,,,,,,,,,,,
DB00898,Ethanol,aberrant crypt foci,,APC|CTNNB1,3.23,3,,,,,,,,,,,
DB01005,Hydroxyurea,memory disorders,,ACHE|SLC6A4,2.74,3,,,,,,,,,,,
DB01097,Leflunomide,berylliosis,,IL6|TNF,3.33,4,,,,,,,,,,,
DB00216,Eletriptan,infarction,,,,,,,,,,,,,,,
DB00554,Piroxicam,hypoalbuminemia,,IL6,4.33,1,,,,,,,,,,,
DB00619,Imatinib,"cardiomyopathy, dilated",,CTNNB1|RAF1,4.04,2,,,,,,,,,,,
DB00411,Carbamoylcholine,liver neoplasms,,TNF,1.96,1,,,,,,,,,,,
DB00573,Fenoprofen,autistic disorder,,,,,,,,,,,,,,,
DB01009,Ketoprofen,"mammary neoplasms, animal",,IL10,2.64,1,,,,,,,,,,,
DB00273,Topiramate,basal ganglia diseases,,DRD2,3.16,5,,,,,,,,,,,
DB01586,Ursodeoxycholic acid,poisoning,,ABCB1|ALB,2.52,2,,,,,,,,,,,
DB00393,Nimodipine,"mammary neoplasms, animal",,OXT,3.35,2,,,,,,,,,,,
DB00625,Efavirenz,cardiomegaly,,IL1B|LEP|MFN2|TNF,8.24,5,,,,,,,,,,,
DB00541,Vincristine,pancreatitis,,PARP1|PTGS2|TRPV1,2.19,3,,,,,,,,,,,
DB00879,Emtricitabine,erythema,,,,,,,,,,,,,,,
DB00633,Dexmedetomidine,ovarian neoplasms,,IL6|MAPK1|SOD1|TLR4|TP53,11.88,5,,,,,,,,,,,
DB00635,Prednisone,"ventricular dysfunction, left",,CXCL12|FAS|INS|PLAT,3.76,4,,,,,,,,,,,
DB00480,Lenalidomide,myocardial reperfusion injury,,CASP1,3.17,1,,,,,,,,,,,
DB00285,Venlafaxine,myoclonic dystonia,,,,,,,,,,,,,,,
DB01042,Melphalan,hemangiosarcoma,,TP53,2.51,1,,,,,,,,,,,
DB00887,Bumetanide,necrosis,,INS1,2.76,1,,,,,,,,,,,
DB00896,Rimexolone,non-alcoholic fatty liver disease,,TNF,3.41,1,,,,,,,,,,,
DB00635,Prednisone,aortic diseases,marker/mechanism,NPPB,3.31,2,,,,,,,,,,,
DB00650,Leucovorin,myocardial infarction,,CASP3|CAT|IL1B|IL6,4.26,5,,,,,,,,,,,
DB00993,Azathioprine,"gastritis, atrophic",,IL1B,2.88,1,,,,,,,,,,,
DB01356,Lithium cation,pancreatitis,,,,,,,,,,,,,,,
DB00853,Temozolomide,muscular diseases,,CPT2|CTSB|EIF2AK4|MAOA|MEGF10,4.77,5,,,,,,,,,,,
DB00224,Indinavir,esophageal neoplasms,,MMP2,3.68,1,,,,,,,,,,,
DB00250,Dapsone,crohn disease,,IFNG|RELA,5.34,2,,,,,,,,,,,
DB01086,Benzocaine,"carcinoma, hepatocellular",,AR|MED1,6.4,2,,,,,,,,,,,
DB00575,Clonidine,neurodegenerative diseases,,,,,,,,,,,,,,,
DB00252,Phenytoin,methemoglobinemia,,CYP1A2,2.5,1,,,,,,,,,,,
DB00273,Topiramate,acute kidney injury,,GSK3B|IGF1|NOS2,2.77,4,,,,,,,,,,,
DB00598,Labetalol,alzheimer disease,,,,,,,,,,,,,,,
DB00367,Levonorgestrel,"hepatitis, autoimmune",,,,,,,,,,,,,,,
DB00758,Clopidogrel,hyperemia,,IL1B,2.29,1,,,,,,,,,,,
DB01337,Pancuronium,myoclonus,,,,,,,,,,,,,,,
DB00337,Pimecrolimus,"carcinoma, hepatocellular",,ABCB1|AKR1B10|CYP2B6|CYP2C8|EPHX1|FASN|TNF,17.1,8,,,,,,,,,,,
DB01268,Sunitinib,liver neoplasms,,ABTB3|ACOT1|AHR|ASNS|BRAF|CCDC134|CDKN1A|CDKN2B|CGREF1|CHN2|CSF2|CTNNB1|CYP2E1|DICER1|EFNB2|EGLN3|ESR1|EXOSC2|FHIT|FLCN|FOSB|FST|GPER1|GPX3|GRIK2|HMOX1|IFT88|IGF2|KRAS|KRT18|KRT8|LARGE1|MACIR|MACROD2|MAPK14|MMP14|MYC|MYO5B|NCOR1|NDRG1|NFE2L2|OAT|PDRG1|PHGDH|PPARA|PPARG|PRICKLE2|PRKCE|SCD|SLC2A1|SLC38A9|SLC66A3|STAT3|TGFA|TNF|TNK2|TOP2A|TP53|TRMT11|TTC39A|WDR17|ZDHHC2|ZSCAN22,9.87,43,,,,,,,,,,,
DB00668,Epinephrine,hyperplasia,,AKT1|CCND1|HIF1A|PTGS2,3.7,6,,,,,,,,,,,
DB00580,Valdecoxib,psoriasis,,CP|GJB2|IL6|PTTG1|SOD2|STAT3|TNF|VEGFA|VNN1,12.48,8,,,,,,,,,,,
DB00806,Pentoxifylline,lewy body disease,,,,,,,,,,,,,,,
DB00293,Raltitrexed,asthma,,,,,,,,,,,,,,,
DB01183,Naloxone,peptic ulcer,,IL1B,2.65,1,,,,,,,,,,,
DB00829,Diazepam,hyperplasia,,HMOX1,2.19,1,,,,,,,,,,,
DB01132,Pioglitazone,thrombocytopenia,,,,,,,,,,,,,,,
DB00625,Efavirenz,hyperalphalipoproteinemia 1,,,,,,,,,,,,,,,
DB00502,Haloperidol,endometrial neoplasms,,CCND1|CNR1,2.63,3,,,,,,,,,,,
DB01068,Clonazepam,stomach neoplasms,,CXCL8,2.38,2,,,,,,,,,,,
DB00396,Progesterone,acatalasia,,CAT,5.73,7,,,,,,,,,,,
DB00370,Mirtazapine,prostatic neoplasms,,AKT1|BAX|BCL2|IL6|MPO|MTOR|NFE2L2|TGFB1|TLR4,13.17,16,,,,,,,,,,,
DB00364,Sucralfate,acute kidney injury,,EDN1|NOS2,5.63,2,,,,,,,,,,,
DB00480,Lenalidomide,neurodegenerative diseases,,,,,,,,,,,,,,,
DB00357,Aminoglutethimide,colonic neoplasms,,,,,,,,,,,,,,,
DB06710,Methyltestosterone,stomach neoplasms,,ACE|AGTR2|ALB|ALDH7A1|ALDOB|ANXA5|APC|BID|BIRC5|CASP8|CCND1|CCT7|CDKN1A|CDKN1B|CKB|COPS7A|ENO1|F2R|FGG|FYN|GADD45A|GATAD2A|HIKESHI|IGFBP7|IL1RN|JUN|KLF6|KRT8|MDM2|MET|MIA|MLF1|NPM1|PDHA1|PGAM1|PPARG|PRPF19|PTGS2|RAD23A|RORA|RPL15|RPS6|SELENBP1|SERBP1|SNRPB|SOX9|STAT3|TAF15|TP53|TYMS|ZBTB20,45.61,33,,,,,,,,,,,
DB01169,Arsenic trioxide,splenic diseases,,AHR|CYP1A2|FAS,2.27,2,,,,,,,,,,,
DB01006,Letrozole,asthma,,BCL2|CAT|HMOX1|IL10|IL6|MMP9|TGFB1|TNF|VEGFA,21.02,17,,,,,,,,,,,
DB00625,Efavirenz,esophageal neoplasms,,NR1I2,3.04,1,,,,,,,,,,,
DB00541,Vincristine,cardiovascular abnormalities,,,,,,,,,,,,,,,
DB01232,Saquinavir,learning disorders,,,,,,,,,,,,,,,
DB00343,Diltiazem,brain injuries,,,,,,,,,,,,,,,
DB00542,Benazepril,"nephrosis, congenital",,,,,,,,,,,,,,,
DB00438,Ceftazidime,bacterial infections,,,,,,,,,,,,,,,
DB00277,Theophylline,hearing loss,,BCL2L1|DNMT1|GSDME|SLC29A3|STAT1|TJP2|TLR4,2,6,,,,,,,,,,,
DB00712,Flurbiprofen,myeloperoxidase deficiency,,MPO,6.44,1,,,,,,,,,,,
DB00490,Buspirone,drug toxicity,,,,,,,,,,,,,,,
DB01211,Clarithromycin,hypertrophy,,,,,,,,,,,,,,,
DB00177,Valsartan,"psychoses, substance-induced",,ACE,3.55,1,,,,,,,,,,,
DB00197,Troglitazone,lymphoma,,MTHFR,3.77,1,,,,,,,,,,,
DB01204,Mitoxantrone,tongue neoplasms,,BCL2L1|BECN1|BIRC5|CASP8|CYP1B1|DAPK1|EGR1|ERBB2|ERBB3|FAS|GCLC|GPX1|GPX3|JUN|MYC|RARB|RCHY1|RUNX3|SLC7A5|SPP1|TP53,26.84,25,,,,,,,,,,,
DB00254,Doxycycline,hyperoxaluria,,IL6,3.18,1,,,,,,,,,,,
DB00996,Gabapentin,melanoma,,CP,2.9,1,,,,,,,,,,,
DB00909,Zonisamide,drug hypersensitivity,,IFNG,3.02,2,,,,,,,,,,,
DB01086,Benzocaine,stomach neoplasms,,,,,,,,,,,,,,,
DB00682,Warfarin,endometrial neoplasms,,CCND1|CDH1|CXCL8|EP300|LASP1|MTHFR|TRP53|VEGFA|ZEB1,11.37,9,,,,,,,,,,,
DB01183,Naloxone,lewy body disease,,AIF1|TH,10.15,2,,,,,,,,,,,
DB00623,Fluphenazine,learning disorders,,,,,,,,,,,,,,,
DB00351,Megestrol acetate,hepatic encephalopathy,,,,,,,,,,,,,,,
DB00759,Tetracycline,"ventricular dysfunction, left",,AGT|CXCL12|EPHX2|FAS|IL6|LEPR|PIK3CA,3.23,9,,,,,,,,,,,
DB01114,Chlorpheniramine,entamoebiasis,,,,,,,,,,,,,,,
DB00319,Piperacillin,"hepatitis, autoimmune",,IFNG|IL22,8.25,1,,,,,,,,,,,
DB00714,Apomorphine,drug toxicity,,,,,,,,,,,,,,,
DB01073,Fludarabine,drug-induced liver injury,,,,,,,,,,,,,,,
DB00413,Pramipexole,neuroleptic malignant syndrome,,,,,,,,,,,,,,,
DB00768,Olopatadine,urticaria,,TNF,3.31,3,,,,,,,,,,,
DB00152,Thiamine,osteoarthritis,,IL1B|TGFB1,9.54,3,,,,,,,,,,,
DB01104,Sertraline,neutropenia,,ABCB1,2.54,2,,,,,,,,,,,
DB00201,Caffeine,"fatty liver, alcoholic",,CYP2E1|PPARA|SOD1,2.31,3,,,,,,,,,,,
DB01083,Orlistat,learning disorders,,,,,,,,,,,,,,,
DB00277,Theophylline,"liver diseases, alcoholic",,PNPLA3|PPARD|RBP4|SPP1,4.43,4,,,,,,,,,,,
DB00864,Tacrolimus,aortic diseases,,CAT|SOD2,3.92,1,,,,,,,,,,,
DB00975,Dipyridamole,"disease models, animal",,FOS|IL1B|MAPK8|NPPB|NR1H4|SLC29A1|TNF,10.3,5,,,,,,,,,,,
DB01332,Ceftizoxime,heart valve diseases,,HTR2B,5.17,4,,,,,,,,,,,
DB00988,Dopamine,"abnormalities, multiple",,,,,,,,,,,,,,,
DB00220,Nelfinavir,"cell transformation, neoplastic",,ATF3|IL6,3.74,3,,,,,,,,,,,
DB00441,Gemcitabine,"hypertension, essential",,,,,,,,,,,,,,,
DB00903,Etacrynic acid,adenocarcinoma,,BIRC5|CASP8|CCND1|IL1B|RELA|TNF|TP53,17.31,8,,,,,,,,,,,
DB00293,Raltitrexed,nerve degeneration,,,,,,,,,,,,,,,
DB01064,Isoprenaline,muscle rigidity,,,,,,,,,,,,,,,
DB00669,Sumatriptan,gastroesophageal reflux,,,,,,,,,,,,,,,
DB00733,Pralidoxime,"carcinoma, hepatocellular",,CAT,2.56,1,,,,,,,,,,,
DB01393,Bezafibrate,torsades de pointes,,,,,,,,,,,,,,,
DB00640,Adenosine,depressive disorder,therapeutic,ADORA2A|FGFR1|GSK3B|IL6|INS1|POMC|PTGS2|SOD1,7.29,10,,,,,,,,,,,
DB00871,Terbutaline,carcinoma,,,,,,,,,,,,,,,
DB00938,Salmeterol,urinary bladder neoplasms,,BCL2|TNF,4.28,2,,,,,,,,,,,
DB00760,Meropenem,"endocarditis, bacterial",,,,,,,,,,,,,,,
DB00198,Oseltamivir,encephalitis,,,,,,,,,,,,,,,
DB00975,Dipyridamole,adenocarcinoma of lung,,,,,,,,,,,,,,,
DB00293,Raltitrexed,"muscular dystrophy, facioscapulohumeral",,,,,,,,,,,,,,,
DB01104,Sertraline,glioblastoma,,EGFR|MTOR|MYC,5.11,5,,,,,,,,,,,
DB01120,Gliclazide,"mammary neoplasms, animal",,INS1,3.2,1,,,,,,,,,,,
DB00625,Efavirenz,vomiting,,,,,,,,,,,,,,,
DB01030,Topotecan,intestinal polyps,,CCND1|JUN|PTGS2,3.9,4,,,,,,,,,,,
DB00920,Ketotifen,hiv infections,,ADRB2,3.72,1,,,,,,,,,,,
DB04861,Nebivolol,"leishmaniasis, visceral",,,,,,,,,,,,,,,
DB00681,Amphotericin B,liver neoplasms,,ANXA2|ASNS|CXCL1|GNMT|KRT18|KRT8|MYC|STAT3|TNF|TOP2A,7.97,11,,,,,,,,,,,
DB00563,Methotrexate,"leukemia, myelomonocytic, juvenile",,DNMT3A|EZH2|JAK3|KRAS|NRAS|RRAS|ZRSR2,12.34,3,,,,,,,,,,,
DB00441,Gemcitabine,mitochondrial diseases,,CASP8|ESR1|TP53,5.45,1,,,,,,,,,,,
DB00381,Amlodipine,thyroid neoplasms,,CCL2|CCND1|TNF,6.48,2,,,,,,,,,,,
DB01233,Metoclopramide,nerve degeneration,,CASP3|TNF,2.36,4,,,,,,,,,,,
DB00277,Theophylline,"lymphoma, t-cell, cutaneous",,BAX|BRAF|CARD11|DNMT3A|FAS|IRF4|RHOA|STAT5B|TNFAIP3,11.75,2,,,,,,,,,,,
DB00779,Nalidixic acid,nerve degeneration,,SLC18A2,4.8,1,,,,,,,,,,,
DB00625,Efavirenz,syndrome,,,,,,,,,,,,,,,
DB00693,Fluorescein,reperfusion injury,,,,,,,,,,,,,,,
DB00834,Mifepristone,"nephritis, interstitial",,CCL2|DCN|THBS1,2.71,2,,,,,,,,,,,
DB00625,Efavirenz,retinal diseases,,TNF,2.62,1,,,,,,,,,,,
DB00480,Lenalidomide,"infarction, middle cerebral artery",,IL1B|IL6ST,6.54,2,,,,,,,,,,,
DB00908,Quinidine,multiple myeloma,,,,,,,,,,,,,,,
DB01159,Halothane,peptic ulcer hemorrhage,,,,,,,,,,,,,,,
DB00474,Methohexital,somnambulism,,,,,,,,,,,,,,,
DB00550,Propylthiouracil,"leishmaniasis, visceral",,HMOX1|IFNG|IL10|IL1B|IL6|TNF,2.38,6,,,,,,,,,,,
DB00657,Mecamylamine,hypertrophy,,CDKN1A|MAPK1|MAPK3,7.81,2,,,,,,,,,,,
DB00235,Milrinone,drug hypersensitivity,,POSTN|TNF,4.66,3,,,,,,,,,,,
DB08860,Pitavastatin,cocaine-related disorders,,PMAIP1,3.5,1,,,,,,,,,,,
DB01030,Topotecan,"multiple endocrine neoplasia, type iv",,CDKN1B,3.89,1,,,,,,,,,,,
DB00929,Misoprostol,liver cirrhosis,,TNF,2.07,1,,,,,,,,,,,
DB00218,Moxifloxacin,amnesia,,,,,,,,,,,,,,,
DB00822,Disulfiram,"meningitis, aseptic",,IL6,2.08,1,,,,,,,,,,,
DB00277,Theophylline,pericardial effusion,,PTGS2,3.98,1,,,,,,,,,,,
DB00959,Methylprednisolone,depressive disorder,,NR3C1|PTGS2,4.19,2,,,,,,,,,,,
DB04930,Permethrin,colitis,,AHR|HMOX1|IFNG|IL10|IL1B|IL4|IL6|MPO|PTGS2|RELA|TNF,7.15,11,,,,,,,,,,,
DB00701,Amprenavir,colonic neoplasms,,CCL3,3.76,1,,,,,,,,,,,
DB00842,Oxazepam,cardiomyopathies,,,,,,,,,,,,,,,
DB00695,Furosemide,osteoarthritis,,PTGS2|TGFB1,3.12,2,,,,,,,,,,,
DB00796,Candesartan cilexetil,retinal detachment,,,,,,,,,,,,,,,
DB00152,Thiamine,necrosis,,BCL2|CAT|CYP2E1|IL1B|IL6|NFE2L2|NOS2|TNF|TNNT2,17.19,15,,,,,,,,,,,
DB01098,Rosuvastatin,brain neoplasms,,ABCG2|ACHE|AKT1|BAX|BCL2|CAT|ESR1|IL1B|KDR|NFE2L2|NOS2|NOS3|SLCO1B1|TNF|WT1,27.64,35,,,,,,,,,,,
DB00203,Sildenafil,hyperoxaluria,,,,,,,,,,,,,,,
DB00802,Alfentanil,substance withdrawal syndrome,,,,,,,,,,,,,,,
DB00474,Methohexital,necrosis,,,,,,,,,,,,,,,
DB01183,Naloxone,leukocytosis,,IL1B,2.53,1,,,,,,,,,,,
DB00806,Pentoxifylline,"mammary neoplasms, animal",,TGFA,3.09,1,,,,,,,,,,,
DB00582,Voriconazole,candidemia,,,,,,,,,,,,,,,
DB01184,Domperidone,diabetes mellitus,,CYP1A2|IL6|NOS2,6,3,,,,,,,,,,,
DB00745,Modafinil,sleep initiation and maintenance disorders,,ADORA2A,3.88,1,,,,,,,,,,,
DB00228,Enflurane,"carcinoma, hepatocellular",,TNF,1.99,1,,,,,,,,,,,
DB00312,Pentobarbital,gastroesophageal reflux,,,,,,,,,,,,,,,
DB00162,Vitamin A,leukoencephalopathies,,RHOA|SPP1,4.33,2,,,,,,,,,,,
DB00368,Norepinephrine,diabetic angiopathies,,CASP3|CREM|HMOX1|RELA,11.08,2,,,,,,,,,,,
DB00437,Allopurinol,"disease models, animal",therapeutic,AGT|ALB|ALPL|CDH2|FASN|FOS|IFNG|IL1B|LEPR|MAPK1|MAPK3|MMP9|SNCA|STAT3|TNF|VIM,24.77,16,,,,,,,,,,,
DB00421,Spironolactone,"carcinoma, transitional cell",,APAF1|ARID1A|CCND1|CDKN1A|CREBBP|CSF3|DAPK1|EP300|ESR2|FGFR3|GPX1|HRAS|HRH2|IFNA|IFNB1|IGFBP3|KDM6A|KMT2A|KMT2C|MIR29C|MIR33B|MIR532|NCOR1|PABPC1|PLAU|PROM1|PTGS2|STAG2|TNF|TP53,11.23,23,,,,,,,,,,,
DB00881,Quinapril,glioma,,,,,,,,,,,,,,,
DB00724,Imiquimod,neoplasms,,IL18|IL1B|IL2|TRPV1,4.64,4,,,,,,,,,,,
DB00201,Caffeine,"mastocytosis, systemic",,,,,,,,,,,,,,,
DB01073,Fludarabine,liver diseases,,BCL2L1|MMP9,3.65,1,,,,,,,,,,,
DB01128,Bicalutamide,"diabetes mellitus, type 1",,IGF1|IL6|TNF,6.94,3,,,,,,,,,,,
DB00346,Alfuzosin,colonic neoplasms,,,,,,,,,,,,,,,
DB00790,Perindopril,liver neoplasms,,CCND1|JUN|PPARG|TNF,6.13,4,,,,,,,,,,,
DB00560,Tigecycline,myocardial reperfusion injury,,CASP3,3.17,1,,,,,,,,,,,
DB00659,Acamprosate,hyperalgesia,,MAPK1|MAPK3,5.41,2,,,,,,,,,,,
DB00742,Mannitol,entamoebiasis,,IL6,3.57,1,,,,,,,,,,,
DB01086,Benzocaine,"shock, hemorrhagic",,,,,,,,,,,,,,,
DB00175,Pravastatin,hyperthyroidism,,CAT,2.54,1,,,,,,,,,,,
DB01181,Ifosfamide,mycoplasma infections,,CASP3|NOS2,6.78,1,,,,,,,,,,,
DB00709,Lamivudine,"arthritis, psoriatic",,TNF,,1,,,,,,,,,,,
DB00810,Biperiden,athetosis,,,,,,,,,,,,,,,
DB01165,Ofloxacin,pain,,TNF,2.04,2,,,,,,,,,,,
DB00624,Testosterone,scrapie,,ATF6,3.28,1,,,,,,,,,,,
DB00728,Rocuronium,paresis,,,,1,,,,,,,,,,,
DB00619,Imatinib,"muscular dystrophy, facioscapulohumeral",,,,,,,,,,,,,,,
DB00472,Fluoxetine,"neoplasm, residual",,,,,,,,,,,,,,,
DB01029,Irbesartan,urinary bladder neoplasms,,AKT1|BCL2|CDKN1A|CDKN2A|EGFR|KRAS|MMP9|PTGS2|TNF,20.62,17,,,,,,,,,,,
DB00293,Raltitrexed,intestinal neoplasms,,,,,,,,,,,,,,,
DB01205,Flumazenil,hallucinations,,,,,,,,,,,,,,,
DB01393,Bezafibrate,mouth neoplasms,,CCL2|HMGCS2|ICAM1|IL18|MGMT,9.89,5,,,,,,,,,,,
DB00673,Aprepitant,autistic disorder,,BCL2,2.62,2,,,,,,,,,,,
DB00669,Sumatriptan,poisoning,,,,,,,,,,,,,,,
DB01204,Mitoxantrone,kidney neoplasms,,ABCB1|CYP1A1,3.05,2,,,,,,,,,,,
DB00724,Imiquimod,"neoplasm, residual",,IL2,4.92,1,,,,,,,,,,,
DB00499,Flutamide,hypotension,,AGT|CAT|CTF1|FGF1|IFNG|IL1B|IL6|KNG1|MAOA|MAOB|NISCH|PLAU|SOD1|TNF,11.66,26,,,,,,,,,,,
DB01026,Ketoconazole,hyperemia,,ADIPOQ|AGT|CAT|CNR2|IL1B|PTGS2,4.4,6,,,,,,,,,,,
DB00455,Loratadine,"cell transformation, neoplastic",,BCL2|CXCL8|KCNH2|PARP1|RELA,14.98,8,,,,,,,,,,,
DB00198,Oseltamivir,neural tube defects,,,,,,,,,,,,,,,
DB06710,Methyltestosterone,ovarian neoplasms,,ATF3|BCL9|BIRC5|C19ORF12|CDKN1B|CYP1B1|DESI2|EZH2|GADD45A|LRRC59|MET|PLEKHF1|PTEN|SELENBP1|SKP2|STAT3|TNFSF10|TP53|TYMS,12.29,22,,,,,,,,,,,
DB00580,Valdecoxib,peripheral nervous system diseases,,ABCB1|DPYD|IL6|PSMB1|SOD2,2.63,4,,,,,,,,,,,
DB01165,Ofloxacin,asthma,,BCL2|ICAM1|IL1B|IL6|IL6R|MMP1|NOS2|TIMP3|TNF,16.32,14,,,,,,,,,,,
DB00550,Propylthiouracil,nausea,,IFNG|POMC|TNF,40.74,3,,,,,,,,,,,
DB01232,Saquinavir,diabetic retinopathy,,PON1,3.83,2,,,,,,,,,,,
DB01120,Gliclazide,non-alcoholic fatty liver disease,,CAT|IL1B|INS|NFE2L2|PPARG|TNF,18.8,4,,,,,,,,,,,
DB00967,Desloratadine,drug hypersensitivity,,ABCC2,3.25,1,,,,,,,,,,,
DB06287,Temsirolimus,"liver failure, acute",,,,,,,,,,,,,,,
DB00594,Amiloride,amnesia,,,,,,,,,,,,,,,
DB00554,Piroxicam,meningioma,,SMARCE1,3.87,1,,,,,,,,,,,
DB01104,Sertraline,calcinosis,,CASP3|TNF,4.22,2,,,,,,,,,,,
DB01050,Ibuprofen,porphyria cutanea tarda,,CYP1A2,2.58,1,,,,,,,,,,,
DB01086,Benzocaine,adenocarcinoma,,NCOA3|NR1I2,7.89,2,,,,,,,,,,,
DB00860,Prednisolone,osteoarthritis,,CTSD|CXCL2|IL1B|PPARG|PTGS2|RUNX2|SOD2|TGFB1,13.93,9,,,,,,,,,,,
DB00202,Succinylcholine,memory disorders,,,,,,,,,,,,,,,
DB00198,Oseltamivir,renal insufficiency,,,,,,,,,,,,,,,
DB00293,Raltitrexed,multiple myeloma,,,,,,,,,,,,,,,
DB00836,Loperamide,"mammary neoplasms, animal",,ABCB1B,3.38,1,,,,,,,,,,,
DB00641,Simvastatin,deficiency diseases,,SOD1,3.45,1,,,,,,,,,,,
DB01193,Acebutolol,edema,,,,,,,,,,,,,,,
DB00718,Adefovir dipivoxil,glomerulonephritis,,FAS|IFNG|PPARG,7.01,4,,,,,,,,,,,
DB00273,Topiramate,pain,,AKT1|CNR1|DRD2|TRPV1,3.47,7,,,,,,,,,,,
DB00282,Pamidronic acid,"osteopetrosis, autosomal recessive 2",,,,,,,,,,,,,,,
DB00903,Etacrynic acid,pancreatic neoplasms,,BCL2L1|CFLAR|NFKBIA|TNF|TP53,12.35,5,,,,,,,,,,,
DB00929,Misoprostol,osteoporosis,,,,,,,,,,,,,,,
DB00227,Lovastatin,bradycardia,,POMC,3.12,3,,,,,,,,,,,
DB00883,Isosorbide dinitrate,"carcinoma, hepatocellular",,CYP1A1,2.36,1,,,,,,,,,,,
DB00184,Nicotine,migraine without aura,,,,,,,,,,,,,,,
DB00319,Piperacillin,"endocarditis, bacterial",,,,,,,,,,,,,,,
DB00247,Methysergide,hamartoma,,,,,,,,,,,,,,,
DB00602,Ivermectin,respiratory hypersensitivity,,CCL11|IL4|IL6|SERPINE1|TNF,16.31,3,,,,,,,,,,,
DB00799,Tazarotene,inflammation,,STS,3.66,1,,,,,,,,,,,
DB00312,Pentobarbital,dystonia,,,,,,,,,,,,,,,
DB00312,Pentobarbital,diabetic neuropathies,,CDKN1A,2.51,1,,,,,,,,,,,
DB00728,Rocuronium,trismus,,,,,,,,,,,,,,,
DB00762,Irinotecan,cognition disorders,,ABCC4|AGT|FOSB|PHLDA1|PTGS2,2,5,,,,,,,,,,,
DB00669,Sumatriptan,atrophy,,,,,,,,,,,,,,,
DB00818,Propofol,"liver cirrhosis, biliary",,HIF1A|NOS2,3.35,2,,,,,,,,,,,
DB00457,Prazosin,autoimmune diseases,,TGFB2,3.41,1,,,,,,,,,,,
DB01182,Propafenone,"arthritis, psoriatic",,,,,,,,,,,,,,,
DB00863,Ranitidine,hearing loss,,,,,,,,,,,,,,,
DB01249,Iodixanol,nerve degeneration,,PINK1|PRKN,4.91,2,,,,,,,,,,,
DB00826,Natamycin,celiac disease,,LCN2,4.68,1,,,,,,,,,,,
DB00668,Epinephrine,"carcinoma, transitional cell",,CCND1|PTGS2|TNF|TP53,7.06,6,,,,,,,,,,,
DB00319,Piperacillin,abscess,,,,,,,,,,,,,,,
DB00635,Prednisone,adenoma,,IGF1,2.63,1,,,,,,,,,,,
DB00623,Fluphenazine,rhabdomyolysis,,,,,,,,,,,,,,,
DB00178,Ramipril,parkinson disease,,IL6|NOS1|TNF,5.76,2,,,,,,,,,,,
DB01268,Sunitinib,adenomatous polyposis coli,,AKT1|EGFR|MCC|SOD2,2.36,4,,,,,,,,,,,
DB01126,Dutasteride,skin neoplasms,,CCND1,3.34,1,,,,,,,,,,,
DB00215,Citalopram,dyskinesias,,,,,,,,,,,,,,,
DB00669,Sumatriptan,cleft lip,,,,,,,,,,,,,,,
DB01088,Iloprost,"mammary neoplasms, animal",,ID1,3.47,1,,,,,,,,,,,
DB01586,Ursodeoxycholic acid,thrombocytopenia,,ALB,2.45,1,,,,,,,,,,,
DB01226,Mivacurium,pain,,,,,,,,,,,,,,,
DB00490,Buspirone,stroke,,FGA|ICAM1|IL1B|IL6|IRF1|TNF,4.82,5,,,,,,,,,,,
DB00910,Paricalcitol,retinal detachment,,,,1,,,,,,,,,,,
DB00550,Propylthiouracil,gastroesophageal reflux,,ABAT|PTGS2|TAC1,2.26,3,,,,,,,,,,,
DB00692,Phentolamine,colorectal neoplasms,,ABCB4|CXCL8|TNF,5.12,3,,,,,,,,,,,
DB01024,Mycophenolic acid,cardiovascular diseases,,AGT|ALB|CCL2,3.99,3,,,,,,,,,,,
DB00264,Metoprolol,gliosis,,,,,,,,,,,,,,,
DB00763,Methimazole,"liver cirrhosis, biliary",,ALB|LOXL2|NOS2|NOS3|SLC51A|TGFB1,2.62,3,,,,,,,,,,,
DB00481,Raloxifene,"hyperostosis, cortical, congenital",,,,,,,,,,,,,,,
DB00307,Bexarotene,"ventricular dysfunction, left",,ADRB2|ATM|CTNNB1|EPHX2|INS|PLAT,4.94,6,,,,,,,,,,,
DB01098,Rosuvastatin,"leukemia, lymphocytic, chronic, b-cell",,BCL2,2.87,2,,,,,,,,,,,
DB00205,Pyrimethamine,"carcinoma, squamous cell",,NFE2L2|TP53,6.74,3,,,,,,,,,,,
DB00493,Cefotaxime,"diabetes mellitus, type 2",,CAT|ECE1|SLC1A2|TNF,6.03,5,,,,,,,,,,,
DB00641,Simvastatin,splenic diseases,,,,,,,,,,,,,,,
DB00773,Etoposide,bradycardia,,CYP1A1|EDN1,3.78,3,,,,,,,,,,,
DB00727,Nitroglycerin,"nephritis, interstitial",,,,,,,,,,,,,,,
DB00313,Valproic acid,"hyperuricemic nephropathy, familial juvenile, 2",,REN,3.3,1,,,,,,,,,,,
DB00715,Paroxetine,protein deficiency,,CAT,3.81,1,,,,,,,,,,,
DB00693,Fluorescein,heart valve diseases,,ABCC1|ALB,5.02,2,,,,,,,,,,,
DB00542,Benazepril,gastroesophageal reflux,,,,,,,,,,,,,,,
DB01141,Micafungin,aspergillosis,,,,,,,,,,,,,,,
DB01394,Colchicine,fetal growth retardation,,ACTA2|SOD1,2.88,2,,,,,,,,,,,
DB00247,Methysergide,obsessive-compulsive disorder,,,,,,,,,,,,,,,
DB01013,Clobetasol propionate,facial dermatoses,,,,,,,,,,,,,,,
DB00250,Dapsone,melanoma,,IFNG|IL2,3.32,23,,,,,,,,,,,
DB01196,Estramustine,peripheral nervous system diseases,,,,,,,,,,,,,,,
DB00633,Dexmedetomidine,drug-induced liver injury,,,,,,,,,,,,,,,
DB01112,Cefuroxime,breast neoplasms,,CAT|IL10|NFE2L2,4.15,3,,,,,,,,,,,
DB00230,Pregabalin,nausea,,TNF,2.08,1,,,,,,,,,,,
DB01032,Probenecid,"diabetes mellitus, type 2",,BAX|BCL2|CAT|CYBA|EGFR|IL6|INS1|SLC2A1|TNF,18.14,9,,,,,,,,,,,
DB01150,Cefprozil,nausea,,,,,,,,,,,,,,,
DB01656,Roflumilast,ovarian neoplasms,,AKT1|IL6|MAPK1|MAPK3|PPP1CC,13.08,5,,,,,,,,,,,
DB00176,Fluvoxamine,myoclonic dystonia,,,,,,,,,,,,,,,
DB06800,Methylnaltrexone,substance withdrawal syndrome,,,,,,,,,,,,,,,
DB00742,Mannitol,"lymphoma, t-cell, cutaneous",,BAX|TNFAIP3|TP53,10.42,2,,,,,,,,,,,
DB00318,Codeine,drug toxicity,,,,,,,,,,,,,,,
DB00541,Vincristine,hypertrophy,,CDKN1A|F2|SIRT1,2.26,3,,,,,,,,,,,
DB00811,Ribavirin,drug toxicity,,,,,,,,,,,,,,,
DB00646,Nystatin,myocardial stunning,,,,,,,,,,,,,,,
DB00368,Norepinephrine,torsades de pointes,,,,,,,,,,,,,,,
DB00949,Felbamate,myocardial infarction,,,,,,,,,,,,,,,
DB00806,Pentoxifylline,bradycardia,,,,,,,,,,,,,,,
DB00477,Chlorpromazine,calcinosis,,C6|COL18A1|COL1A1|IL1B|LSP1|MMP9|NR1I2|SPP1|TNF|TP53,16.55,5,,,,,,,,,,,
DB01232,Saquinavir,barrett esophagus,,NR1I2,3.78,1,,,,,,,,,,,
DB00993,Azathioprine,uremia,,SGK1|TGFB1,3.26,2,,,,,,,,,,,
DB00759,Tetracycline,hypercalcemia,,CYP24A1|IL6,2.7,2,,,,,,,,,,,
DB00248,Cabergoline,"tremor hereditary essential, 1",,,,,,,,,,,,,,,
DB00996,Gabapentin,"epilepsies, partial",,,,,,,,,,,,,,,
DB00471,Montelukast,"mammary neoplasms, experimental",,HMOX1,2.42,1,,,,,,,,,,,
DB01023,Felodipine,"dermatitis, atopic",,AHR|CYP1A1,6.09,1,,,,,,,,,,,
DB01026,Ketoconazole,cleft lip,,NOS3,2.67,1,,,,,,,,,,,
DB01611,Hydroxychloroquine,oral submucous fibrosis,,CTLA4|CXCL8|IL6|MMP1|MMP2|TNF,27.3,2,,,,,,,,,,,
DB00694,Daunorubicin,hyperinsulinism,,CCL2|GPX1|HMOX1|TNF,6.88,4,,,,,,,,,,,
DB01114,Chlorpheniramine,neoplasm metastasis,,ABCB1|HRH2|PTGS2,6.17,4,,,,,,,,,,,
DB00751,Epinastine,urticaria,,,,,,,,,,,,,,,
DB00820,Tadalafil,"infarction, middle cerebral artery",,IL1B|IL6,5.95,3,,,,,,,,,,,
DB01393,Bezafibrate,endotoxemia,,,,,,,,,,,,,,,
DB01183,Naloxone,paralysis,,TRPM7,5.49,1,,,,,,,,,,,
DB00844,Nalbuphine,substance-related disorders,,OPRM1,3.93,1,,,,,,,,,,,
DB00550,Propylthiouracil,hepatorenal syndrome,,EDN1|HMOX1,2.52,2,,,,,,,,,,,
DB00235,Milrinone,"ventricular dysfunction, right",,IL6,2.4,1,,,,,,,,,,,
DB00602,Ivermectin,urticaria,,IL1B|TNF,5.7,3,,,,,,,,,,,
DB00669,Sumatriptan,"lymphoma, large b-cell, diffuse",,FAS,3.16,1,,,,,,,,,,,
DB00585,Nizatidine,"neuralgia, postherpetic",,,,,,,,,,,,,,,
DB01048,Abacavir,plasmodium falciparum blood infection level,,,,,,,,,,,,,,,
DB00844,Nalbuphine,cough,,,,,,,,,,,,,,,
DB06287,Temsirolimus,lung diseases,,VEGFA,2.86,1,,,,,,,,,,,
DB00951,Isoniazid,diabetic nephropathies,,ACE2|ALB|NFE2L2|PPARG|SOD2|VDAC1|VDAC2,8.82,8,,,,,,,,,,,
DB00635,Prednisone,"carcinoma, basal cell",,JUN|RB1,3.2,2,,,,,,,,,,,
DB01611,Hydroxychloroquine,depressive disorder,,IL6,2.03,1,,,,,,,,,,,
DB00967,Desloratadine,sneezing,,,,,,,,,,,,,,,
DB01222,Budesonide,atrophy,,,,,,,,,,,,,,,
DB00542,Benazepril,adenocarcinoma of lung,,AQP4|MYC|SLC15A2,6.2,2,,,,,,,,,,,
DB00474,Methohexital,glioma,,,,,,,,,,,,,,,
DB00319,Piperacillin,prostatic neoplasms,,ABCC4|MIR21,3.68,2,,,,,,,,,,,
DB00780,Phenelzine,memory disorders,,IL1B,2.05,1,,,,,,,,,,,
DB00818,Propofol,neutropenia,,IL1B,2.13,1,,,,,,,,,,,
DB00550,Propylthiouracil,entamoebiasis,,IFNG|IL10|IL1B|IL5|IL6,7.49,1,,,,,,,,,,,
DB00728,Rocuronium,acute kidney injury,,,,,,,,,,,,,,,
DB01026,Ketoconazole,"ventricular dysfunction, left",,ADRB2|AGT|CTNNB1|FAS|IL6|NFE2L2|SIRT1,3.35,8,,,,,,,,,,,
DB00709,Lamivudine,parkinson disease,,EDN1|TNF,2.63,2,,,,,,,,,,,
DB01120,Gliclazide,kidney neoplasms,,MAPK1|MAPK3|SOD2,8.91,2,,,,,,,,,,,
DB00969,Alosetron,diabetes mellitus,,,,,,,,,,,,,,,
DB00773,Etoposide,"nephritis, interstitial",,,,,,,,,,,,,,,
DB01043,Memantine,epilepsy,,GFAP|GRIN2A|GRIN2B,6.71,5,,,,,,,,,,,
DB00635,Prednisone,carotid artery diseases,,,,,,,,,,,,,,,
DB00382,Tacrine,ovarian neoplasms,,AKT1,3.9,3,,,,,,,,,,,
DB00685,Trovafloxacin,barrett esophagus,,PTGS2|RELA,3.18,3,,,,,,,,,,,
