Drug_ID,Drug_Name,Protein_UniProt,Score,Matched,Source,PubMedID,InteractionType
DB01019,Bethanechol,P11229,0.462187604,TRUE,Swiss-Prot,"PMID:9224827,PMID:32809422",target
DB00696,Ergotamine,P08908,0.443121382,TRUE,Swiss-Prot,PMID:12525272,target
DB00799,Tazarotene,P48443,0.403522667,FALSE,None,None,None
DB00753,Isoflurane,P03886,0.401930367,TRUE,Swiss-Prot,"PMID:17139284,PMID:17016423,PMID:12411515",enzyme
DB00185,Cevimeline,P08172,0.395238892,FALSE,None,None,None
DB00728,Rocuronium,P11229,0.393394073,FALSE,None,None,None
DB00734,Risperidone,P41595,0.384433324,FALSE,None,None,None
DB01215,Estazolam,P30536,0.379303417,FALSE,None,None,None
DB00986,Glycopyrronium,P08172,0.377368952,TRUE,Swiss-Prot,PMID:10385241,target
DB00979,Cyclopentolate,P08172,0.370537427,FALSE,None,None,None
DB00491,Miglitol,P04746,0.368259253,TRUE,Swiss-Prot,PMID:23039079,enzyme
DB01186,Pergolide,P34969,0.365587063,FALSE,None,None,None
DB00543,Amoxapine,P28223,0.36333705,TRUE,Swiss-Prot,PMID:8876023,target
DB00248,Cabergoline,P35348,0.35895886,TRUE,Swiss-Prot,PMID:12388666,target
DB00690,Flurazepam,P30536,0.355265397,FALSE,None,None,None
DB01595,Nitrazepam,P30536,0.354510318,FALSE,None,None,None
DB00696,Ergotamine,P21728,0.346644524,TRUE,Swiss-Prot,PMID:12525272,target
DB01558,Bromazepam,P30536,0.341658432,FALSE,None,None,None
DB00714,Apomorphine,P35348,0.336900849,FALSE,None,None,None
DB01268,Sunitinib,P04049,0.333318061,FALSE,None,None,None
DB00603,Medroxyprogesterone acetate,P04150,0.327534508,FALSE,None,None,None
DB00700,Eplerenone,P04150,0.327298654,FALSE,None,None,None
DB00307,Bexarotene,P13631,0.327081241,FALSE,None,None,None
DB00320,Dihydroergotamine,P08908,0.326270838,TRUE,Swiss-Prot,"PMID:22444161,PMID:23815106",target
DB00247,Methysergide,P28222,0.320411493,TRUE,Swiss-Prot,PMID:1738111,target
DB00268,Ropinirole,P34969,0.318956059,FALSE,None,None,None
DB00475,Chlordiazepoxide,P30536,0.317048346,FALSE,None,None,None
DB00631,Clofarabine,P27707,0.311898931,TRUE,Swiss-Prot,"PMID:20631817,PMID:19576186,PMID:17852710",enzyme
DB00734,Risperidone,P34969,0.311691098,TRUE,Swiss-Prot,PMID:25943458,target
DB00842,Oxazepam,P30536,0.31058054,FALSE,None,None,None
DB00490,Buspirone,P28222,0.309301659,FALSE,None,None,None
DB00349,Clobazam,P30536,0.308438032,FALSE,None,None,None
DB01005,Hydroxyurea,P09884,0.306456689,FALSE,None,None,None
DB00413,Pramipexole,P34969,0.305165486,FALSE,None,None,None
DB00543,Amoxapine,P08172,0.302679805,TRUE,Swiss-Prot,PMID:6086881,target
DB00714,Apomorphine,P34969,0.299934549,FALSE,None,None,None
DB01618,Molindone,P21728,0.298928324,FALSE,None,None,None
DB00477,Chlorpromazine,P28222,0.298755776,FALSE,None,None,None
DB00413,Pramipexole,P35348,0.298186905,FALSE,None,None,None
DB01238,Aripiprazole,P41595,0.29809906,TRUE,Swiss-Prot,PMID:26346901,target
DB00401,Nisoldipine,P62158,0.294546338,FALSE,None,None,None
DB00810,Biperiden,P08172,0.293034628,FALSE,None,None,None
DB00433,Prochlorperazine,P21728,0.291360642,FALSE,None,None,None
DB00398,Sorafenib,P17948,0.289534316,TRUE,Swiss-Prot,"PMID:15466206,PMID:16507829,PMID:17016424,PMID:20586710",target
DB00540,Nortriptyline,P08913,0.289111906,TRUE,Swiss-Prot,PMID:6115370,target
DB00696,Ergotamine,P21917,0.286480688,FALSE,None,None,None
DB01224,Quetiapine,P41595,0.286264297,FALSE,None,None,None
DB00381,Amlodipine,P62158,0.285825337,FALSE,None,None,None
DB00820,Tadalafil,P18545,0.284575165,TRUE,Swiss-Prot,PMID:29667180,target
DB00398,Sorafenib,P07333,0.28355796,FALSE,None,None,None
DB00246,Ziprasidone,P41595,0.28348598,FALSE,None,None,None
DB00334,Olanzapine,P41595,0.282677742,FALSE,None,None,None
DB00268,Ropinirole,P35348,0.277632562,TRUE,Swiss-Prot,"PMID:19557097,PMID:18691132",target
DB00247,Methysergide,P14416,0.273197415,FALSE,None,None,None
DB00656,Trazodone,P28222,0.272570646,FALSE,None,None,None
DB01200,Bromocriptine,P50406,0.272396956,FALSE,None,None,None
DB01142,Doxepin,P21728,0.271233425,FALSE,None,None,None
DB00683,Midazolam,P30536,0.270296377,FALSE,None,None,None
DB00363,Clozapine,P41595,0.267182018,FALSE,None,None,None
DB00953,Rizatriptan,P08908,0.267121055,TRUE,Swiss-Prot,None,target
DB01618,Molindone,P28222,0.266957095,FALSE,None,None,None
DB00864,Tacrolimus,P42345,0.266743211,FALSE,None,None,None
DB01618,Molindone,P08172,0.264329646,FALSE,None,None,None
DB06287,Temsirolimus,P62942,0.262667034,FALSE,None,None,None
DB00800,Fenoldopam,P14416,0.26012962,FALSE,None,None,None
DB00216,Eletriptan,P21917,0.259621882,FALSE,None,None,None
DB00988,Dopamine,P28223,0.256846715,FALSE,None,None,None
DB00619,Imatinib,P35916,0.256517002,FALSE,None,None,None
DB01142,Doxepin,P28222,0.254330133,FALSE,None,None,None
DB00477,Chlorpromazine,P21917,0.253121106,TRUE,Swiss-Prot,PMID:8524985,target
DB00454,Meperidine,Q8TCU5,0.252768911,FALSE,None,None,None
DB00308,Ibutilide,Q08289,0.251291246,FALSE,None,None,None
DB01100,Pimozide,P21728,0.251068222,FALSE,None,None,None
DB01142,Doxepin,P21917,0.250860765,FALSE,None,None,None
DB00749,Etodolac,P48443,0.250830374,FALSE,None,None,None
DB00831,Trifluoperazine,P21728,0.250509582,FALSE,None,None,None
DB00381,Amlodipine,O43497,0.249822147,FALSE,None,None,None
DB00918,Almotriptan,P08908,0.24954478,FALSE,None,None,None
DB00696,Ergotamine,P41595,0.249486984,TRUE,Swiss-Prot,PMID:11104741,target
DB00388,Phenylephrine,P08913,0.247281086,FALSE,None,None,None
DB00998,Frovatriptan,P08908,0.247099134,FALSE,None,None,None
DB00608,Chloroquine,Q9NYK1,0.246939503,FALSE,None,None,None
DB00695,Furosemide,P22748,0.246122809,FALSE,None,None,None
DB00361,Vinorelbine,Q71U36,0.246034848,FALSE,None,None,None
DB01069,Promethazine,P21728,0.24259723,FALSE,None,None,None
DB00623,Fluphenazine,P28223,0.24233719,TRUE,Swiss-Prot,PMID:17606915,target
DB00193,Tramadol,P08172,0.242120552,FALSE,None,None,None
DB00619,Imatinib,P36888,0.241740664,FALSE,None,None,None
DB00247,Methysergide,P21917,0.238788281,FALSE,None,None,None
DB00248,Cabergoline,P50406,0.238534071,FALSE,None,None,None
DB00458,Imipramine,P08913,0.238124813,FALSE,None,None,None
DB00320,Dihydroergotamine,P28223,0.234425153,TRUE,Swiss-Prot,"PMID:22444161,PMID:23815106",target
DB00384,Triamterene,P00749,0.232932312,FALSE,None,None,None
DB00384,Triamterene,P19801,0.232680361,FALSE,None,None,None
DB00933,Mesoridazine,P21728,0.231930785,FALSE,None,None,None
DB01223,Aminophylline,Q07343,0.23125963,FALSE,None,None,None
DB00968,Methyldopa,P35348,0.230908916,FALSE,None,None,None
DB00975,Dipyridamole,P30542,0.229825945,FALSE,None,None,None
DB01119,Diazoxide,P22748,0.228190313,FALSE,None,None,None
DB00247,Methysergide,P21728,0.227237893,FALSE,None,None,None
DB00490,Buspirone,P28223,0.226833125,FALSE,None,None,None
DB00924,Cyclobenzaprine,P14416,0.225785839,FALSE,None,None,None
DB00540,Nortriptyline,Q9NZV8,0.225468752,FALSE,None,None,None
DB00703,Methazolamide,P29972,0.22514068,FALSE,None,None,None
DB00247,Methysergide,P08913,0.225044156,FALSE,None,None,None
DB01120,Gliclazide,P37231,0.224560194,FALSE,None,None,None
DB01364,Ephedrine,P08913,0.223028319,FALSE,None,None,None
DB00619,Imatinib,P07949,0.222197891,TRUE,Swiss-Prot,PMID:16782438,target
DB01018,Guanfacine,P35348,0.222150595,FALSE,None,None,None
DB06216,Asenapine,P46098,0.220768102,FALSE,None,None,None
DB00575,Clonidine,P35348,0.219803895,TRUE,Swiss-Prot,PMID:11082457,target
DB00540,Nortriptyline,P14416,0.219248664,TRUE,Swiss-Prot,PMID:6121969,target
DB01577,Metamfetamine,P35348,0.218998578,FALSE,None,None,None
DB00594,Amiloride,Q16515,0.218186096,TRUE,Swiss-Prot,"PMID:12584187,PMID:12736332,PMID:14686475,PMID:15537887,PMID:16704974",target
DB00598,Labetalol,P08913,0.217738065,FALSE,None,None,None
DB00490,Buspirone,P21728,0.217565713,FALSE,None,None,None
DB01143,Amifostine,P49902,0.217283261,FALSE,None,None,None
DB00619,Imatinib,P17948,0.216741539,FALSE,None,None,None
DB01233,Metoclopramide,P08172,0.216455503,FALSE,None,None,None
DB00751,Epinastine,P08908,0.216426473,FALSE,None,None,None
DB00831,Trifluoperazine,P28223,0.216033256,FALSE,None,None,None
DB01142,Doxepin,P34969,0.21469364,FALSE,None,None,None
DB00216,Eletriptan,P28223,0.213918843,FALSE,None,None,None
DB01151,Desipramine,P08913,0.212922069,TRUE,Swiss-Prot,PMID:7855217,target
DB00811,Ribavirin,P10696,0.212825143,FALSE,None,None,None
DB00732,Atracurium besylate,P36544,0.212618605,FALSE,None,None,None
DB00484,Brimonidine,P35348,0.211570301,FALSE,None,None,None
DB00388,Phenylephrine,P07550,0.211196242,FALSE,None,None,None
DB00706,Tamsulosin,P08913,0.211161533,FALSE,None,None,None
DB01254,Dasatinib,P07333,0.211110792,FALSE,None,None,None
DB00656,Trazodone,P14416,0.209722889,FALSE,None,None,None
DB00800,Fenoldopam,P28223,0.209022809,FALSE,None,None,None
DB01273,Varenicline,Q13002,0.207553617,FALSE,None,None,None
DB00458,Imipramine,P08908,0.206365985,TRUE,Swiss-Prot,PMID:9822768,target
DB00370,Mirtazapine,P35348,0.206107914,TRUE,Swiss-Prot,PMID:9265949,target
DB00540,Nortriptyline,P28222,0.205814659,FALSE,None,None,None
DB00651,Dyphylline,O76074,0.204054465,FALSE,None,None,None
DB01241,Gemfibrozil,O60882,0.203248849,FALSE,None,None,None
DB00321,Amitriptyline,P14416,0.202627912,FALSE,None,None,None
DB00433,Prochlorperazine,P62158,0.201383432,FALSE,None,None,None
DB00909,Zonisamide,Q9NY72,0.201371361,TRUE,Swiss-Prot,"PMID:20025128,PMID:18433351,PMID:20001433,PMID:14704463,PMID:19948168,PMID:15511691,PMID:19557119",target
DB00471,Montelukast,P37231,0.200588694,FALSE,None,None,None
DB00734,Risperidone,P50406,0.200331099,FALSE,None,None,None
DB01151,Desipramine,Q9NZV8,0.200244437,FALSE,None,None,None
DB01394,Colchicine,Q71U36,0.200049192,FALSE,None,None,None
DB01023,Felodipine,O00555,0.198797995,FALSE,None,None,None
DB01656,Roflumilast,P30542,0.198300373,FALSE,None,None,None
DB00619,Imatinib,P29317,0.197402758,FALSE,None,None,None
DB00654,Latanoprost,P42330,0.196253314,FALSE,None,None,None
DB00210,Adapalene,P09455,0.195903851,FALSE,None,None,None
DB01268,Sunitinib,P00519,0.19585115,FALSE,None,None,None
DB00201,Caffeine,O76074,0.19515773,TRUE,Swiss-Prot,"PMID:16402111,PMID:7689104;PMID:20164566,PMID:11692087",target
DB00524,Metolazone,P00918,0.194291254,FALSE,None,None,None
DB00401,Nisoldipine,O00555,0.194204984,FALSE,None,None,None
DB00839,Tolazamide,Q09428,0.193551773,TRUE,Swiss-Prot,"PMID:8799949,PMID:10354277",target
DB00988,Dopamine,P08913,0.193169903,FALSE,None,None,None
DB00433,Prochlorperazine,P35348,0.193107617,TRUE,Swiss-Prot,PMID:1768559,target
DB00458,Imipramine,P14416,0.193061544,TRUE,Swiss-Prot,PMID:15081025,target
DB00434,Cyproheptadine,P31645,0.193001805,FALSE,None,None,None
DB00320,Dihydroergotamine,P21917,0.192530493,TRUE,Swiss-Prot,PMID:22444161,target
DB01268,Sunitinib,Q08345,0.192352961,FALSE,None,None,None
DB00431,Lindane,P07327,0.192056061,FALSE,None,None,None
DB00800,Fenoldopam,P35348,0.19178528,TRUE,Swiss-Prot,PMID:7670737,target
DB00909,Zonisamide,Q9NY46,0.191663636,TRUE,Swiss-Prot,"PMID:20025128,PMID:18433351,PMID:20001433,PMID:14704463,PMID:19948168,PMID:15511691,PMID:19557119",target
DB00050,Cetrorelix,P13500,0.191405094,FALSE,None,None,None
DB00401,Nisoldipine,O43497,0.190743675,FALSE,None,None,None
DB00543,Amoxapine,P08908,0.190666029,TRUE,Swiss-Prot,PMID:1666997,target
DB00401,Nisoldipine,P54750,0.190289036,FALSE,None,None,None
DB01069,Promethazine,P31645,0.189380658,FALSE,None,None,None
DB01184,Domperidone,P21728,0.189261931,FALSE,None,None,None
DB01151,Desipramine,P08908,0.189103375,TRUE,Swiss-Prot,PMID:7855217,target
DB00800,Fenoldopam,P21917,0.188662399,FALSE,None,None,None
DB00640,Adenosine,Q07343,0.18859511,FALSE,None,None,None
DB01254,Dasatinib,P35916,0.188062309,FALSE,None,None,None
DB00321,Amitriptyline,P28222,0.187822413,TRUE,Swiss-Prot,PMID:17689532,target
DB00850,Perphenazine,P28223,0.187129882,FALSE,None,None,None
DB00962,Zaleplon,P48169,0.187077483,FALSE,None,None,None
DB01394,Colchicine,P10415,0.186811655,FALSE,None,None,None
DB00242,Cladribine,P27707,0.185736501,TRUE,Swiss-Prot,"PMID:20689698,PMID:20634380,PMID:17852710,PMID:19715446,PMID:19576186,PMID:19463072",enzyme
DB00310,Chlorthalidone,P00918,0.1856676,FALSE,None,None,None
DB00477,Chlorpromazine,P08913,0.184734458,TRUE,Swiss-Prot,PMID:2835476,target
DB01101,Capecitabine,P30085,0.184594732,FALSE,None,None,None
DB00471,Montelukast,P35354,0.184343644,FALSE,None,None,None
DB01280,Nelarabine,P23921,0.184031815,TRUE,Swiss-Prot,"PMID:18035189,PMID:18473971",target
DB00619,Imatinib,P12931,0.183410081,FALSE,None,None,None
DB00317,Gefitinib,O75469,0.183081366,FALSE,None,None,None
DB00320,Dihydroergotamine,P35348,0.183076736,TRUE,Swiss-Prot,"PMID:22444161,PMID:23815106",target
DB01115,Nifedipine,P54750,0.182879945,FALSE,None,None,None
DB00184,Nicotine,Q13002,0.1826167,FALSE,None,None,None
DB06216,Asenapine,P11229,0.182307535,FALSE,None,None,None
DB00920,Ketotifen,Q14181,0.181746592,FALSE,None,None,None
DB00502,Haloperidol,P21917,0.181336821,FALSE,None,None,None
DB01236,Sevoflurane,P62158,0.181242812,FALSE,None,None,None
DB00745,Modafinil,P08913,0.18061515,FALSE,None,None,None
DB00381,Amlodipine,P54750,0.180194357,FALSE,None,None,None
DB01069,Promethazine,P08913,0.179549584,TRUE,Swiss-Prot,PMID:31335081,target
DB00393,Nimodipine,O43497,0.17933915,FALSE,None,None,None
DB01618,Molindone,P35348,0.179032826,FALSE,None,None,None
DB00679,Thioridazine,P08908,0.178262727,FALSE,None,None,None
DB04896,Milnacipran,O15399,0.178254854,TRUE,Swiss-Prot,"PMID:22716121,PMID:7636857",target
DB00408,Loxapine,P21917,0.178213129,TRUE,Swiss-Prot,None,target
DB00450,Droperidol,P21728,0.177885663,FALSE,None,None,None
DB01161,Chloroprocaine,Q15822,0.177336275,FALSE,None,None,None
DB00695,Furosemide,P05023,0.17729919,FALSE,None,None,None
DB01189,Desflurane,P62158,0.176973685,FALSE,None,None,None
DB01079,Tegaserod,P08908,0.176969683,FALSE,None,None,None
DB00915,Amantadine,P21728,0.176645612,FALSE,None,None,None
DB00273,Topiramate,P42261,0.175995617,FALSE,None,None,None
DB00679,Thioridazine,P08913,0.175631334,FALSE,None,None,None
DB00850,Perphenazine,P35348,0.175590174,FALSE,None,None,None
DB00222,Glimepiride,P37231,0.1752636,FALSE,None,None,None
DB01254,Dasatinib,Q08345,0.174831355,FALSE,None,None,None
DB01185,Fluoxymesterone,P10275,0.174777766,TRUE,Swiss-Prot,"PMID:8119180,PMID:2521824,PMID:6439037,PMID:17023534,PMID:10077001,PMID:11752352",target
DB01169,Arsenic trioxide,P27986,0.174670444,FALSE,None,None,None
DB00751,Epinastine,P41595,0.174158365,FALSE,None,None,None
DB01205,Flumazenil,P48169,0.174036051,TRUE,Swiss-Prot,None,target
DB01242,Clomipramine,P14416,0.172743661,FALSE,None,None,None
DB00277,Theophylline,P21589,0.171889121,FALSE,None,None,None
DB00924,Cyclobenzaprine,P11229,0.17172066,FALSE,None,None,None
DB00393,Nimodipine,O00555,0.171194584,FALSE,None,None,None
DB00307,Bexarotene,P09455,0.170808503,FALSE,None,None,None
DB01611,Hydroxychloroquine,P01375,0.170602725,FALSE,None,None,None
DB01149,Nefazodone,P14416,0.169976649,FALSE,None,None,None
DB01254,Dasatinib,P04049,0.169973513,FALSE,None,None,None
DB00216,Eletriptan,P08913,0.169676021,FALSE,None,None,None
DB00696,Ergotamine,P34969,0.169523059,FALSE,None,None,None
DB00361,Vinorelbine,P10415,0.169319728,FALSE,None,None,None
DB00458,Imipramine,P17405,0.169282356,FALSE,None,None,None
DB00734,Risperidone,P11229,0.16905977,FALSE,None,None,None
DB00695,Furosemide,Q12791,0.168872394,FALSE,None,None,None
DB00669,Sumatriptan,P41595,0.168739251,FALSE,None,None,None
DB00734,Risperidone,P46098,0.167883222,FALSE,None,None,None
DB01242,Clomipramine,P08908,0.167847736,FALSE,None,None,None
DB00459,Acitretin,P10826,0.167127333,TRUE,Swiss-Prot,"PMID:7755585,PMID:11586072,PMID:19144697",target
DB00334,Olanzapine,Q9NYX4,0.166887966,FALSE,None,None,None
DB01233,Metoclopramide,P28223,0.166462598,FALSE,None,None,None
DB01233,Metoclopramide,P21728,0.166128396,FALSE,None,None,None
DB00162,Vitamin A,P00352,0.166086849,TRUE,Swiss-Prot,"PMID:16538685,PMID:17329364,PMID:16829625,PMID:17486539,PMID:16763553",target
DB01220,Rifaximin,P00533,0.16575839,FALSE,None,None,None
DB00393,Nimodipine,P04150,0.165382483,FALSE,None,None,None
DB00949,Felbamate,O15399,0.165117426,FALSE,None,None,None
DB01205,Flumazenil,O14764,0.164923565,TRUE,Swiss-Prot,None,target
DB00216,Eletriptan,P50406,0.164826988,FALSE,None,None,None
DB00541,Vincristine,P10415,0.164189286,FALSE,None,None,None
DB00320,Dihydroergotamine,P34969,0.163902147,FALSE,None,None,None
DB00334,Olanzapine,Q9H3N8,0.163882876,FALSE,None,None,None
DB00434,Cyproheptadine,P14416,0.163642742,FALSE,None,None,None
DB00393,Nimodipine,P62158,0.163230808,FALSE,None,None,None
DB01268,Sunitinib,P04629,0.162921317,FALSE,None,None,None
DB00962,Zaleplon,O14764,0.16281082,FALSE,None,None,None
DB01367,Rasagiline,Q9H4B7,0.162335642,FALSE,None,None,None
DB00216,Eletriptan,P21728,0.162247269,FALSE,None,None,None
DB00619,Imatinib,P04049,0.16193332,FALSE,None,None,None
DB01182,Propafenone,O00180,0.16178411,FALSE,None,None,None
DB01198,Zopiclone,P48169,0.161679021,FALSE,None,None,None
DB01069,Promethazine,P08908,0.161574924,FALSE,None,None,None
DB01406,Danazol,P22888,0.16133554,FALSE,None,None,None
DB01156,Bupropion,P36544,0.16127818,FALSE,None,None,None
DB00751,Epinastine,P50406,0.16124935,FALSE,None,None,None
DB00293,Raltitrexed,P30085,0.160968595,FALSE,None,None,None
DB00518,Albendazole,P10415,0.159657229,FALSE,None,None,None
DB00388,Phenylephrine,P31645,0.159443079,FALSE,None,None,None
DB01186,Pergolide,P50406,0.159186936,FALSE,None,None,None
DB00818,Propofol,P24046,0.158996865,FALSE,None,None,None
DB00810,Biperiden,P36544,0.158827635,FALSE,None,None,None
DB00210,Adapalene,P10826,0.158808689,TRUE,Swiss-Prot,"PMID:9204085,PMID:19929446,PMID:31273085,PMID:10651997",target
DB01159,Halothane,P42261,0.15872234,FALSE,None,None,None
DB00903,Etacrynic acid,P00918,0.15840487,FALSE,None,None,None
DB00433,Prochlorperazine,P28223,0.158397897,FALSE,None,None,None
DB00292,Etomidate,P35348,0.158310428,FALSE,None,None,None
DB00818,Propofol,O14764,0.158306917,TRUE,Swiss-Prot,None,target
DB01151,Desipramine,P14416,0.158015643,TRUE,Swiss-Prot,PMID:7855217,target
DB01205,Flumazenil,P24046,0.157525599,FALSE,None,None,None
DB00964,Apraclonidine,P28223,0.157432635,FALSE,None,None,None
DB01393,Bezafibrate,O60882,0.157258604,FALSE,None,None,None
DB00193,Tramadol,P46098,0.157139218,FALSE,None,None,None
DB01224,Quetiapine,Q9NYX4,0.157004032,FALSE,None,None,None
DB00988,Dopamine,P05091,0.156682542,FALSE,None,None,None
DB00654,Latanoprost,P34995,0.156566645,FALSE,None,None,None
DB01205,Flumazenil,P28472,0.156322446,TRUE,Swiss-Prot,None,target
DB00293,Raltitrexed,P00374,0.156318423,FALSE,None,None,None
DB00962,Zaleplon,P24046,0.156156448,FALSE,None,None,None
DB00679,Thioridazine,P21917,0.15603501,FALSE,None,None,None
DB00605,Sulindac,P27986,0.155725444,FALSE,None,None,None
DB01623,Thiothixene,P08908,0.15563061,FALSE,None,None,None
DB00351,Megestrol acetate,P03372,0.155601639,FALSE,None,None,None
DB00749,Etodolac,P13631,0.155575478,FALSE,None,None,None
DB00697,Tizanidine,P35348,0.155290195,TRUE,Swiss-Prot,"PMID:6329897,PMID:1666331",target
DB00374,Treprostinil,P00750,0.154208919,FALSE,None,None,None
DB00656,Trazodone,P21728,0.15420692,FALSE,None,None,None
DB00273,Topiramate,P36544,0.154091108,FALSE,None,None,None
DB00924,Cyclobenzaprine,P31645,0.153725926,TRUE,Swiss-Prot,PMID:21975349,target
DB00608,Chloroquine,P21802,0.153522825,FALSE,None,None,None
DB01623,Thiothixene,P35348,0.153292487,FALSE,None,None,None
DB01224,Quetiapine,Q9H3N8,0.153250494,FALSE,None,None,None
DB00490,Buspirone,P35348,0.153063581,TRUE,Swiss-Prot,PMID:26535760,target
DB00268,Ropinirole,P50406,0.153060853,FALSE,None,None,None
DB00654,Latanoprost,P43115,0.152963956,FALSE,None,None,None
DB00715,Paroxetine,P35348,0.152505049,TRUE,Swiss-Prot,PMID:2962217,target
DB01611,Hydroxychloroquine,P09210,0.152374336,FALSE,None,None,None
DB00703,Methazolamide,P55017,0.152206251,FALSE,None,None,None
DB01173,Orphenadrine,Q13224,0.152094489,FALSE,None,None,None
DB00418,Secobarbital,Q09470,0.151704415,FALSE,None,None,None
DB01217,Anastrozole,P05108,0.151605478,FALSE,None,None,None
DB00904,Ondansetron,P28223,0.151579358,FALSE,None,None,None
DB00381,Amlodipine,P10275,0.151111217,FALSE,None,None,None
DB06216,Asenapine,P08172,0.150955356,FALSE,None,None,None
DB00368,Norepinephrine,P28482,0.150873441,FALSE,None,None,None
DB01364,Ephedrine,P07550,0.150759276,TRUE,Swiss-Prot,PMID:31613441,target
DB00408,Loxapine,P08908,0.150693174,TRUE,Swiss-Prot,None,target
DB00799,Tazarotene,P10826,0.150648013,TRUE,Swiss-Prot,"PMID:12942109,PMID:15102095,PMID:9035701,PMID:18034539",target
DB00368,Norepinephrine,P27986,0.150373011,FALSE,None,None,None
DB00197,Troglitazone,P11474,0.150360332,TRUE,Swiss-Prot,PMID:20298676,target
DB00732,Atracurium besylate,P11229,0.150217989,FALSE,None,None,None
DB00679,Thioridazine,P62158,0.150122554,FALSE,None,None,None
DB00990,Exemestane,P05108,0.150041952,FALSE,None,None,None
DB00962,Zaleplon,P28472,0.150002086,FALSE,None,None,None
DB01174,Phenobarbital,Q09470,0.149862664,FALSE,None,None,None
DB01115,Nifedipine,O00555,0.149785722,FALSE,None,None,None
DB00751,Epinastine,P14416,0.149710092,FALSE,None,None,None
DB01337,Pancuronium,P36544,0.149342027,FALSE,None,None,None
DB00714,Apomorphine,P50406,0.149276075,FALSE,None,None,None
DB00651,Dyphylline,P21817,0.149087168,FALSE,None,None,None
DB01623,Thiothixene,P21917,0.148665844,FALSE,None,None,None
DB00674,Galantamine,Q13002,0.148401458,FALSE,None,None,None
DB01005,Hydroxyurea,P27707,0.148288101,FALSE,None,None,None
DB00818,Propofol,P48169,0.148285699,TRUE,Swiss-Prot,None,target
DB01427,Amrinone,P21802,0.148244008,FALSE,None,None,None
DB00904,Ondansetron,P41595,0.148090331,FALSE,None,None,None
DB00988,Dopamine,P35348,0.148076708,FALSE,None,None,None
DB00216,Eletriptan,P14416,0.148014287,FALSE,None,None,None
DB00370,Mirtazapine,P31645,0.148007582,TRUE,Swiss-Prot,"PMID:17618721,PMID:22243688,PMID:24679990",transporter
DB01014,Balsalazide,O14920,0.147811224,FALSE,None,None,None
DB00768,Olopatadine,P04271,0.147718925,TRUE,Swiss-Prot,PMID:11944917,target
DB00310,Chlorthalidone,P05023,0.147716455,FALSE,None,None,None
DB00502,Haloperidol,P08908,0.147602209,TRUE,Swiss-Prot,PMID:12629531,target
DB01043,Memantine,P31645,0.147361357,FALSE,None,None,None
DB00396,Progesterone,P04150,0.147314629,TRUE,Swiss-Prot,"PMID:18060946,PMID:2214763,PMID:14617569",target
DB00246,Ziprasidone,Q9H3N8,0.147133152,FALSE,None,None,None
DB00998,Frovatriptan,P41595,0.146622898,FALSE,None,None,None
DB00440,Trimethoprim,P30085,0.146374441,FALSE,None,None,None
DB00996,Gabapentin,Q07343,0.146286371,FALSE,None,None,None
DB00246,Ziprasidone,Q9NYX4,0.146280494,FALSE,None,None,None
DB00820,Tadalafil,Q07343,0.146199161,FALSE,None,None,None
DB00441,Gemcitabine,P09884,0.146057409,FALSE,None,None,None
DB00227,Lovastatin,P05107,0.146028324,FALSE,None,None,None
DB00988,Dopamine,P08908,0.145938682,TRUE,Swiss-Prot,"PMID:9185324,PMID:9686407",target
DB00474,Methohexital,P42261,0.145860725,FALSE,None,None,None
DB00184,Nicotine,P11230,0.145774789,FALSE,None,None,None
DB00393,Nimodipine,P54750,0.145620726,FALSE,None,None,None
DB01159,Halothane,P48051,0.145559536,TRUE,Swiss-Prot,"PMID:15175324,PMID:16243998",target
DB00431,Lindane,P14867,0.145390809,FALSE,None,None,None
DB00398,Sorafenib,P00519,0.14505313,FALSE,None,None,None
DB01115,Nifedipine,P42261,0.145002829,FALSE,None,None,None
DB00756,Hexachlorophene,P09622,0.14498061,FALSE,None,None,None
DB00768,Olopatadine,P29034,0.144743486,TRUE,Swiss-Prot,PMID:11944917,target
DB00408,Loxapine,P08913,0.144682204,TRUE,Swiss-Prot,None,target
DB01200,Bromocriptine,P46098,0.144667267,FALSE,None,None,None
DB00920,Ketotifen,P30542,0.144402574,FALSE,None,None,None
DB00925,Phenoxybenzamine,P14416,0.14407002,FALSE,None,None,None
DB01159,Halothane,Q9NPC2,0.144027722,TRUE,Swiss-Prot,"PMID:20519544,PMID:20217349",target
DB00524,Metolazone,P05023,0.143908789,FALSE,None,None,None
DB00193,Tramadol,P14416,0.143690105,FALSE,None,None,None
DB00191,Phentermine,Q16853,0.143409191,FALSE,None,None,None
DB00586,Diclofenac,P37231,0.143014673,FALSE,None,None,None
DB00384,Triamterene,P78348,0.143003384,FALSE,None,None,None
DB00408,Loxapine,P35348,0.14290409,TRUE,Swiss-Prot,None,target
DB01238,Aripiprazole,Q9NYX4,0.142007212,FALSE,None,None,None
DB00869,Dorzolamide,P29972,0.141804707,FALSE,None,None,None
DB01115,Nifedipine,P10275,0.141272399,FALSE,None,None,None
DB00909,Zonisamide,P55017,0.141251894,FALSE,None,None,None
DB01182,Propafenone,P07550,0.141086611,TRUE,Swiss-Prot,PMID:6141285,target
DB01218,Halofantrine,O00180,0.140844517,FALSE,None,None,None
DB00834,Mifepristone,P03372,0.140810878,FALSE,None,None,None
DB01194,Brinzolamide,P29972,0.140181154,FALSE,None,None,None
DB00370,Mirtazapine,P14416,0.139937657,FALSE,None,None,None
DB00370,Mirtazapine,P08908,0.139931047,FALSE,None,None,None
DB01247,Isocarboxazid,Q16853,0.139702759,FALSE,None,None,None
DB00425,Zolpidem,P48169,0.139647871,FALSE,None,None,None
DB01037,Selegiline,P31645,0.139356967,FALSE,None,None,None
DB00502,Haloperidol,P35348,0.139228655,TRUE,Swiss-Prot,PMID:12629531,target
DB00831,Trifluoperazine,P08913,0.139212311,FALSE,None,None,None
DB00641,Simvastatin,P20701,0.138839776,TRUE,Swiss-Prot,"PMID:15041742,PMID:11385505,PMID:15822172,PMID:16828882",target
DB01037,Selegiline,P80404,0.138684114,FALSE,None,None,None
DB00321,Amitriptyline,P21728,0.138383152,FALSE,None,None,None
DB01268,Sunitinib,P35968,0.137763361,TRUE,Swiss-Prot,"PMID:12538485,PMID:12873999,PMID:14753710,PMID:16418310,PMID:16533791,PMID:11752352",target
DB00598,Labetalol,P08588,0.137693729,TRUE,Swiss-Prot,"PMID:1687367,PMID:6151824,PMID:6355664,PMID:7286847,PMID:11752352,PMID:19879818,PMID:8104240,PMID:7684671",target
DB01656,Roflumilast,Q9Y233,0.137638034,FALSE,None,None,None
DB00248,Cabergoline,P46098,0.13761722,FALSE,None,None,None
DB01238,Aripiprazole,Q9H3N8,0.137515443,TRUE,Swiss-Prot,PMID:26346901,target
DB00162,Vitamin A,P09172,0.137484348,FALSE,None,None,None
DB01254,Dasatinib,P06239,0.136913186,TRUE,Swiss-Prot,"PMID:17154512,PMID:20072833",target
DB01242,Clomipramine,P08913,0.136485283,FALSE,None,None,None
DB01254,Dasatinib,P07947,0.136377328,TRUE,Swiss-Prot,"PMID:16507911,PMID:17541990,PMID:20072833",target
DB01100,Pimozide,P35348,0.136331783,FALSE,None,None,None
DB00320,Dihydroergotamine,P14416,0.136265684,TRUE,Swiss-Prot,"PMID:22444161,PMID:23815106",target
DB00975,Dipyridamole,P18545,0.136126634,FALSE,None,None,None
DB00191,Phentermine,P80404,0.135970522,FALSE,None,None,None
DB00687,Fludrocortisone,P03372,0.135893159,FALSE,None,None,None
DB01120,Gliclazide,P16860,0.135868696,FALSE,None,None,None
DB00745,Modafinil,P28223,0.135661616,FALSE,None,None,None
DB00669,Sumatriptan,P21917,0.135607552,FALSE,None,None,None
DB00751,Epinastine,P21917,0.135532965,FALSE,None,None,None
DB00273,Topiramate,P29972,0.135061198,FALSE,None,None,None
DB01019,Bethanechol,Q15822,0.134857788,FALSE,None,None,None
DB01037,Selegiline,Q16853,0.134835515,FALSE,None,None,None
DB01110,Miconazole,P51843,0.134706571,FALSE,None,None,None
DB00619,Imatinib,P16234,0.1346259,TRUE,Swiss-Prot,"PMID:15894928,PMID:15921304,PMID:15928335,PMID:15946589,PMID:15995325",target
DB01198,Zopiclone,O14764,0.134581551,FALSE,None,None,None
DB00724,Imiquimod,Q9NR96,0.134569369,FALSE,None,None,None
DB00953,Rizatriptan,P41595,0.134519816,FALSE,None,None,None
DB00499,Flutamide,Q14289,0.134399616,FALSE,None,None,None
DB01254,Dasatinib,P06241,0.13428802,TRUE,Swiss-Prot,"PMID:20072833,PMID:32268657",target
DB01149,Nefazodone,P28222,0.134232291,FALSE,None,None,None
DB00839,Tolazamide,Q14654,0.134211064,TRUE,Swiss-Prot,"PMID:8799949,PMID:10354277",target
DB00918,Almotriptan,P41595,0.133609368,FALSE,None,None,None
DB00477,Chlorpromazine,P62158,0.133461914,FALSE,None,None,None
DB00780,Phenelzine,P31645,0.133449091,FALSE,None,None,None
DB01247,Isocarboxazid,P80404,0.13340786,FALSE,None,None,None
DB01113,Papaverine,P30542,0.133372175,FALSE,None,None,None
DB00706,Tamsulosin,Q12809,0.133335542,FALSE,None,None,None
DB00734,Risperidone,P08172,0.133031256,FALSE,None,None,None
DB01254,Dasatinib,P04629,0.132942013,FALSE,None,None,None
DB00242,Cladribine,Q7LG56,0.132844784,TRUE,Swiss-Prot,"PMID:19715446,PMID:17852710,PMID:19576186,PMID:16316309,PMID:9923554",target
DB01200,Bromocriptine,P25021,0.132793761,FALSE,None,None,None
DB01241,Gemfibrozil,P37231,0.132399957,FALSE,None,None,None
DB01618,Molindone,P21917,0.132084283,FALSE,None,None,None
DB00459,Acitretin,P10276,0.131913734,TRUE,Swiss-Prot,"PMID:10459139,PMID:9074840,PMID:9153406,PMID:19144697",target
DB00924,Cyclobenzaprine,P08172,0.131624026,FALSE,None,None,None
DB00211,Midodrine,P07550,0.131620659,FALSE,None,None,None
DB00320,Dihydroergotamine,P21728,0.131433244,FALSE,None,None,None
DB01158,Bretylium,P55017,0.131148504,FALSE,None,None,None
DB00751,Epinastine,P21728,0.131015717,FALSE,None,None,None
DB01273,Varenicline,P42261,0.130507451,FALSE,None,None,None
DB01198,Zopiclone,P24046,0.1303724,FALSE,None,None,None
DB00904,Ondansetron,P21917,0.130358572,FALSE,None,None,None
DB01119,Diazoxide,O43570,0.130291163,FALSE,None,None,None
DB00806,Pentoxifylline,P18545,0.130083265,FALSE,None,None,None
DB00502,Haloperidol,Q8TCU5,0.130026898,FALSE,None,None,None
DB00376,Trihexyphenidyl,P31645,0.129996964,FALSE,None,None,None
DB00668,Epinephrine,P08588,0.129970556,TRUE,Swiss-Prot,"PMID:11752352,PMID:17622774,PMID:10085337,PMID:8401205",target
DB00806,Pentoxifylline,Q9Y233,0.129886664,FALSE,None,None,None
DB00624,Testosterone,P10275,0.129704939,TRUE,Swiss-Prot,"PMID:17084172,PMID:17086931,PMID:17128417,PMID:17202804,PMID:17322500,PMID:11752352",target
DB01149,Nefazodone,P21728,0.129570298,FALSE,None,None,None
DB00204,Dofetilide,P48048,0.129354805,FALSE,None,None,None
DB00696,Ergotamine,P11229,0.129334346,FALSE,None,None,None
DB01427,Amrinone,P30542,0.129320562,FALSE,None,None,None
DB00277,Theophylline,Q9Y233,0.128809006,FALSE,None,None,None
DB00390,Digoxin,P55017,0.12876907,FALSE,None,None,None
DB00277,Theophylline,P18545,0.128735009,FALSE,None,None,None
DB00312,Pentobarbital,Q09470,0.128690674,FALSE,None,None,None
DB01101,Capecitabine,P00374,0.128474831,FALSE,None,None,None
DB00425,Zolpidem,O14764,0.128402728,FALSE,None,None,None
DB00315,Zolmitriptan,P41595,0.128205192,TRUE,Swiss-Prot,PMID:29352859,target
DB00543,Amoxapine,P21917,0.128095103,TRUE,Swiss-Prot,PMID:16135699,target
DB00661,Verapamil,O00180,0.127920264,FALSE,None,None,None
DB00820,Tadalafil,P00813,0.127855783,FALSE,None,None,None
DB00602,Ivermectin,P24046,0.127838817,FALSE,None,None,None
DB00450,Droperidol,P28223,0.12781444,FALSE,None,None,None
DB00230,Pregabalin,P01189,0.127630185,FALSE,None,None,None
DB00413,Pramipexole,P50406,0.127616252,FALSE,None,None,None
DB00602,Ivermectin,O14764,0.127614159,FALSE,None,None,None
DB01076,Atorvastatin,Q14289,0.12734732,FALSE,None,None,None
DB00908,Quinidine,Q14654,0.127078168,FALSE,None,None,None
DB00669,Sumatriptan,P34969,0.127001376,FALSE,None,None,None
DB00356,Chlorzoxazone,P14867,0.126938554,FALSE,None,None,None
DB00379,Mexiletine,Q14289,0.126932421,FALSE,None,None,None
DB01014,Balsalazide,Q9UPY5,0.126818794,FALSE,None,None,None
DB06710,Methyltestosterone,P10275,0.126608979,TRUE,Swiss-Prot,"PMID:17084172,PMID:17086931,PMID:17128417,PMID:17202804,PMID:17322500,PMID:11752352",target
DB01079,Tegaserod,P08913,0.12649876,FALSE,None,None,None
DB00247,Methysergide,P35348,0.126383616,FALSE,None,None,None
DB01254,Dasatinib,P42684,0.12629095,TRUE,Swiss-Prot,"PMID:20072833,PMID:17684099",target
DB00210,Adapalene,P10276,0.126112145,TRUE,Swiss-Prot,"PMID:9204085,PMID:19929446,PMID:31273085,PMID:10651997",target
DB00381,Amlodipine,Q14654,0.125830616,FALSE,None,None,None
DB00561,Doxapram,P59768,0.125614877,FALSE,None,None,None
DB00449,Dipivefrin,P08588,0.125581716,FALSE,None,None,None
DB01273,Varenicline,P11230,0.125222873,FALSE,None,None,None
DB00561,Doxapram,P48549,0.125197099,FALSE,None,None,None
DB00631,Clofarabine,P31350,0.124833234,FALSE,None,None,None
DB01079,Tegaserod,P14416,0.1247591,FALSE,None,None,None
DB06711,Naphazoline,P31645,0.12466368,FALSE,None,None,None
DB00960,Pindolol,P08588,0.124591075,TRUE,Swiss-Prot,"PMID:11752352,PMID:14608456,PMID:1687398,PMID:2148726,PMID:8884690,PMID:2907348,PMID:1682311",target
DB00622,Nicardipine,P28223,0.124493065,FALSE,None,None,None
DB00489,Sotalol,O00180,0.124484128,FALSE,None,None,None
DB00925,Phenoxybenzamine,P28223,0.124378906,FALSE,None,None,None
DB00434,Cyproheptadine,P35348,0.124026475,FALSE,None,None,None
DB00356,Chlorzoxazone,P03886,0.123884822,FALSE,None,None,None
DB04844,Tetrabenazine,P31645,0.123685714,FALSE,None,None,None
DB00661,Verapamil,P62158,0.123640637,FALSE,None,None,None
DB01656,Roflumilast,P52209,0.123545595,FALSE,None,None,None
DB00668,Epinephrine,P31645,0.123215943,FALSE,None,None,None
DB01032,Probenecid,Q4U2R8,0.123101923,TRUE,Swiss-Prot,"PMID:11426832,PMID:11669456,PMID:12130730,PMID:15377641,PMID:11752352;PMID:10929807,PMID:10991954,PMID:11426832,PMID:11669456,PMID:12472777,PMID:12130730,PMID:9950961,PMID:10049739,PMID:14978359,PMID:9880528,PMID:11099697,PMID:10336520,PMID:10594788,PMID:11408557,PMID:20460822",target;transporter
DB00904,Ondansetron,P34969,0.122992605,FALSE,None,None,None
DB01113,Papaverine,O76074,0.122965545,TRUE,Swiss-Prot,PMID:12215855,target
DB00949,Felbamate,Q05586,0.122783995,FALSE,None,None,None
DB01198,Zopiclone,P28472,0.122740886,FALSE,None,None,None
DB00358,Mefloquine,Q07343,0.122708502,FALSE,None,None,None
DB00540,Nortriptyline,P04629,0.122600893,FALSE,None,None,None
DB00458,Imipramine,P07550,0.122501431,FALSE,None,None,None
DB00656,Trazodone,P21917,0.122457678,FALSE,None,None,None
DB01159,Halothane,Q09470,0.12229014,FALSE,None,None,None
DB00408,Loxapine,P11229,0.122134072,TRUE,Swiss-Prot,None,target
DB00297,Bupivacaine,P00750,0.121976018,FALSE,None,None,None
DB00421,Spironolactone,P03372,0.121784849,TRUE,Swiss-Prot,"PMID:6849751,PMID:7391714",target
DB06204,Tapentadol,Q8TCU5,0.121777971,FALSE,None,None,None
DB06711,Naphazoline,P28223,0.121734404,FALSE,None,None,None
DB00401,Nisoldipine,Q09470,0.121624531,FALSE,None,None,None
DB01173,Orphenadrine,P46098,0.12162156,FALSE,None,None,None
DB06216,Asenapine,Q9NYX4,0.121592287,FALSE,None,None,None
DB00960,Pindolol,P35348,0.121541899,FALSE,None,None,None
DB00909,Zonisamide,P07451,0.121339538,TRUE,Swiss-Prot,"PMID:19703035,PMID:18537527,PMID:18782051,PMID:17762320,PMID:17582922,PMID:15837316,PMID:18343915,PMID:8494570",target
DB00602,Ivermectin,Q14524,0.121067084,FALSE,None,None,None
DB01088,Iloprost,P30542,0.120978034,FALSE,None,None,None
DB00425,Zolpidem,P24046,0.120697573,FALSE,None,None,None
DB00277,Theophylline,P00813,0.120527295,TRUE,Swiss-Prot,"PMID:15467230,PMID:10718633,PMID:9203166",enzyme
DB00540,Nortriptyline,O43526,0.120511443,FALSE,None,None,None
DB00370,Mirtazapine,P21728,0.120456089,FALSE,None,None,None
DB00630,Alendronic acid,P23469,0.120427156,TRUE,Swiss-Prot,PMID:8610169,target
DB00806,Pentoxifylline,P00813,0.120362891,FALSE,None,None,None
DB00230,Pregabalin,Q08289,0.120347825,FALSE,None,None,None
DB01095,Fluvastatin,P05107,0.120303161,FALSE,None,None,None
DB01223,Aminophylline,O00555,0.120140466,FALSE,None,None,None
DB00247,Methysergide,P09211,0.120061522,FALSE,None,None,None
DB00656,Trazodone,P11229,0.12004752,FALSE,None,None,None
DB00819,Acetazolamide,P55017,0.119737611,FALSE,None,None,None
DB01242,Clomipramine,P21728,0.119695118,FALSE,None,None,None
DB00571,Propranolol,P21917,0.119472919,FALSE,None,None,None
DB00999,Hydrochlorothiazide,P05023,0.119258445,FALSE,None,None,None
DB00216,Eletriptan,P35348,0.119006402,FALSE,None,None,None
DB00308,Ibutilide,Q14524,0.118587445,FALSE,None,None,None
DB00439,Cerivastatin,P05107,0.11857981,FALSE,None,None,None
DB00904,Ondansetron,P14416,0.118538864,FALSE,None,None,None
DB01079,Tegaserod,P28222,0.11853534,FALSE,None,None,None
DB01064,Isoprenaline,P35348,0.118238755,FALSE,None,None,None
DB01221,Ketamine,Q14524,0.11818296,FALSE,None,None,None
DB01378,Magnesium cation,P55017,0.118035912,FALSE,None,None,None
DB00602,Ivermectin,P48169,0.117885269,FALSE,None,None,None
DB00434,Cyproheptadine,P08908,0.117802486,FALSE,None,None,None
DB00799,Tazarotene,P10276,0.117784553,TRUE,Swiss-Prot,"PMID:16144296,PMID:9035701,PMID:15383624,PMID:14675762,PMID:11519864,PMID:10828316",target
DB01142,Doxepin,Q9NZV8,0.117689278,FALSE,None,None,None
DB00673,Aprepitant,P14416,0.117638581,FALSE,None,None,None
DB00449,Dipivefrin,P31645,0.117587527,FALSE,None,None,None
DB00751,Epinastine,P31645,0.116969061,FALSE,None,None,None
DB00887,Bumetanide,P00918,0.11682974,FALSE,None,None,None
DB00368,Norepinephrine,P31645,0.116821959,FALSE,None,None,None
DB00820,Tadalafil,Q9Y233,0.1167802,FALSE,None,None,None
DB00988,Dopamine,P41595,0.116672023,FALSE,None,None,None
DB00204,Dofetilide,Q09428,0.116526906,FALSE,None,None,None
DB01427,Amrinone,Q9NR96,0.116395113,FALSE,None,None,None
DB01037,Selegiline,P10415,0.11604862,FALSE,None,None,None
DB00751,Epinastine,P28222,0.116044937,FALSE,None,None,None
DB01142,Doxepin,P50406,0.115996528,TRUE,Swiss-Prot,None,target
DB01223,Aminophylline,O76074,0.115987969,FALSE,None,None,None
DB00622,Nicardipine,O00555,0.115896586,TRUE,Swiss-Prot,PMID:18091748,target
DB01142,Doxepin,P07550,0.115873142,FALSE,None,None,None
DB01200,Bromocriptine,P11229,0.115824233,FALSE,None,None,None
DB01221,Ketamine,P31645,0.115695411,FALSE,None,None,None
DB00937,Diethylpropion,Q05940,0.115545095,FALSE,None,None,None
DB00458,Imipramine,O43526,0.115510177,FALSE,None,None,None
DB00398,Sorafenib,P29317,0.115473517,FALSE,None,None,None
DB00193,Tramadol,P35348,0.115448999,FALSE,None,None,None
DB00425,Zolpidem,P28472,0.115379302,FALSE,None,None,None
DB00376,Trihexyphenidyl,P28223,0.115310076,FALSE,None,None,None
DB00413,Pramipexole,Q9NYX4,0.115126553,FALSE,None,None,None
DB01234,Dexamethasone,Q9H2S1,0.114805671,FALSE,None,None,None
DB00449,Dipivefrin,P28223,0.114697338,FALSE,None,None,None
DB00344,Protriptyline,P28223,0.114436555,FALSE,None,None,None
DB01618,Molindone,P08913,0.114344441,FALSE,None,None,None
DB00398,Sorafenib,P35968,0.114327313,TRUE,Swiss-Prot,"PMID:16418310,PMID:16446323,PMID:16503817,PMID:16757355,PMID:16824050,PMID:20586710",target
DB00297,Bupivacaine,P42330,0.114232056,FALSE,None,None,None
DB01234,Dexamethasone,Q16558,0.114101088,FALSE,None,None,None
DB00905,Bimatoprost,P00750,0.114078928,FALSE,None,None,None
DB01200,Bromocriptine,Q9NYX4,0.114018827,FALSE,None,None,None
DB06711,Naphazoline,P07550,0.114014913,FALSE,None,None,None
DB00571,Propranolol,P41595,0.113962866,FALSE,None,None,None
DB00700,Eplerenone,P03372,0.113735696,FALSE,None,None,None
DB00908,Quinidine,Q13936,0.113386035,FALSE,None,None,None
DB00590,Doxazosin,P08913,0.112748926,FALSE,None,None,None
DB01036,Tolterodine,P31645,0.112612967,FALSE,None,None,None
DB00248,Cabergoline,Q9NYX4,0.112468562,FALSE,None,None,None
DB00933,Mesoridazine,P11229,0.112450616,FALSE,None,None,None
DB00490,Buspirone,P21917,0.112416327,TRUE,Swiss-Prot,PMID:26535760,target
DB00334,Olanzapine,P31645,0.112219788,FALSE,None,None,None
DB01364,Ephedrine,P28223,0.112190077,FALSE,None,None,None
DB00276,Amsacrine,O00180,0.112069529,FALSE,None,None,None
DB00321,Amitriptyline,P21917,0.112048759,FALSE,None,None,None
DB00477,Chlorpromazine,P41595,0.111592269,TRUE,Swiss-Prot,PMID:7908055,target
DB01656,Roflumilast,O76074,0.111526736,FALSE,None,None,None
DB06209,Prasugrel,P43119,0.111419451,FALSE,None,None,None
DB00458,Imipramine,Q09470,0.111354375,FALSE,None,None,None
DB00706,Tamsulosin,P31645,0.111337865,FALSE,None,None,None
DB00257,Clotrimazole,P59768,0.110892453,FALSE,None,None,None
DB01079,Tegaserod,P09211,0.110867394,FALSE,None,None,None
DB00257,Clotrimazole,P48549,0.110618391,FALSE,None,None,None
DB06710,Methyltestosterone,P03372,0.110484624,TRUE,Swiss-Prot,PMID:25012808,target
DB00622,Nicardipine,O43497,0.110468712,TRUE,Swiss-Prot,PMID:18091748;PMID:19401195,target
DB01268,Sunitinib,P07949,0.110324712,FALSE,None,None,None
DB01233,Metoclopramide,P35348,0.110311894,FALSE,None,None,None
DB00363,Clozapine,P25021,0.11030874,FALSE,None,None,None
DB00818,Propofol,P14867,0.110287735,TRUE,Swiss-Prot,None,target
DB00439,Cerivastatin,P20701,0.110275902,FALSE,None,None,None
DB00268,Ropinirole,Q9NYX4,0.110244224,FALSE,None,None,None
DB01186,Pergolide,P46098,0.110168479,FALSE,None,None,None
DB00247,Methysergide,P25021,0.110082659,FALSE,None,None,None
DB00425,Zolpidem,P42261,0.109974069,FALSE,None,None,None
DB00695,Furosemide,Q14654,0.109973458,FALSE,None,None,None
DB00753,Isoflurane,Q13002,0.10986294,FALSE,None,None,None
DB00964,Apraclonidine,P31645,0.109663912,FALSE,None,None,None
DB01236,Sevoflurane,Q13002,0.109509125,FALSE,None,None,None
DB01186,Pergolide,P31645,0.109473212,FALSE,None,None,None
DB00471,Montelukast,O14920,0.109390429,FALSE,None,None,None
DB00590,Doxazosin,P07550,0.109383872,FALSE,None,None,None
DB00605,Sulindac,P43088,0.109162234,FALSE,None,None,None
DB00230,Pregabalin,P62158,0.109159448,FALSE,None,None,None
DB00458,Imipramine,P04629,0.109041891,FALSE,None,None,None
DB00289,Atomoxetine,P07550,0.108942263,FALSE,None,None,None
DB01043,Memantine,O15399,0.10881354,TRUE,Swiss-Prot,"PMID:16906789,PMID:10029935,PMID:14530799",target
DB00228,Enflurane,Q13002,0.10879667,FALSE,None,None,None
DB01162,Terazosin,P08913,0.108760656,FALSE,None,None,None
DB00344,Protriptyline,P35348,0.108726223,FALSE,None,None,None
DB00540,Nortriptyline,Q09470,0.108469325,FALSE,None,None,None
DB00474,Methohexital,Q13002,0.108250067,FALSE,None,None,None
DB00431,Lindane,O14764,0.10823632,FALSE,None,None,None
DB00431,Lindane,P24046,0.10819508,TRUE,Swiss-Prot,PMID:11879973,target
DB01101,Capecitabine,P23921,0.10814349,FALSE,None,None,None
DB00184,Nicotine,P42261,0.10805418,FALSE,None,None,None
DB00952,Naratriptan,P41595,0.107784197,FALSE,None,None,None
DB00881,Quinapril,Q9BYF1,0.107751214,FALSE,None,None,None
DB00659,Acamprosate,P46098,0.107735437,FALSE,None,None,None
DB01221,Ketamine,P46098,0.107346896,TRUE,Swiss-Prot,PMID:8777109,target
DB01186,Pergolide,Q9NYX4,0.107320355,FALSE,None,None,None
DB01280,Nelarabine,P27707,0.107285597,TRUE,Swiss-Prot,"PMID:18035189,PMID:19825456,PMID:20616909,PMID:18516261,PMID:17344466",enzyme
DB00408,Loxapine,P41595,0.107261004,FALSE,None,None,None
DB00540,Nortriptyline,P17405,0.107260336,FALSE,None,None,None
DB00674,Galantamine,Q04844,0.107222554,FALSE,None,None,None
DB00459,Acitretin,P19793,0.106912592,TRUE,Swiss-Prot,"PMID:9074840,PMID:9153406",target
DB00246,Ziprasidone,P31645,0.106840811,FALSE,None,None,None
DB00980,Ramelteon,P48039,0.106723564,TRUE,Swiss-Prot,"PMID:15695169,PMID:16432265,PMID:17389558,PMID:16173650,PMID:16730121,PMID:15869323,PMID:19228178,PMID:19768947,PMID:19568703,PMID:17157111,PMID:17015817,PMID:17803013,PMID:11752352",target
DB00561,Doxapram,Q9NPC2,0.106619395,TRUE,Swiss-Prot,"PMID:17227289,PMID:7617294,PMID:1667613",target
DB00806,Pentoxifylline,P21817,0.106559053,FALSE,None,None,None
DB01095,Fluvastatin,P20701,0.106555853,FALSE,None,None,None
DB01039,Fenofibrate,P37231,0.106508699,FALSE,None,None,None
DB00540,Nortriptyline,P21728,0.106414775,FALSE,None,None,None
DB00539,Toremifene,P10275,0.106410073,FALSE,None,None,None
DB00673,Aprepitant,Q8TCU5,0.106385676,FALSE,None,None,None
DB00674,Galantamine,P07510,0.106270224,FALSE,None,None,None
DB00280,Disopyramide,Q09470,0.106179112,FALSE,None,None,None
DB00474,Methohexital,P48169,0.106104185,FALSE,None,None,None
DB00206,Reserpine,P31645,0.105993335,FALSE,None,None,None
DB00640,Adenosine,O00555,0.105920083,FALSE,None,None,None
DB01189,Desflurane,Q13002,0.105877918,FALSE,None,None,None
DB01162,Terazosin,P07550,0.105852543,FALSE,None,None,None
DB00999,Hydrochlorothiazide,Q14654,0.105776786,FALSE,None,None,None
DB00988,Dopamine,P28222,0.105712727,FALSE,None,None,None
DB00542,Benazepril,Q9BYF1,0.105634216,FALSE,None,None,None
DB00363,Clozapine,P31645,0.105634214,FALSE,None,None,None
DB00398,Sorafenib,P12931,0.105560802,FALSE,None,None,None
DB00903,Etacrynic acid,Q12791,0.105432101,FALSE,None,None,None
DB00201,Caffeine,P21589,0.105322719,FALSE,None,None,None
DB00656,Trazodone,P41595,0.105300581,FALSE,None,None,None
DB00481,Raloxifene,P16220,0.105282953,FALSE,None,None,None
DB00925,Phenoxybenzamine,P08588,0.105199336,FALSE,None,None,None
DB00659,Acamprosate,P25103,0.105184719,FALSE,None,None,None
DB01039,Fenofibrate,O60882,0.105164056,FALSE,None,None,None
DB01184,Domperidone,P28223,0.105120014,FALSE,None,None,None
DB00524,Metolazone,Q12791,0.105060739,FALSE,None,None,None
DB01254,Dasatinib,P36888,0.105057375,FALSE,None,None,None
DB00401,Nisoldipine,P10275,0.1050425,FALSE,None,None,None
DB00344,Protriptyline,P11229,0.105024641,FALSE,None,None,None
DB00651,Dyphylline,P21589,0.105009066,FALSE,None,None,None
DB00216,Eletriptan,P46098,0.105005382,FALSE,None,None,None
DB00496,Darifenacin,P28223,0.105002117,FALSE,None,None,None
DB00612,Bisoprolol,P08588,0.104766914,TRUE,Swiss-Prot,"PMID:1280737,PMID:14757145,PMID:16325050,PMID:1676675,PMID:1691366,PMID:11752352",target
DB01119,Diazoxide,Q16790,0.104565212,FALSE,None,None,None
DB00758,Clopidogrel,P43119,0.104562704,FALSE,None,None,None
DB00202,Succinylcholine,Q15822,0.104556743,TRUE,Swiss-Prot,PMID:26398623,target
DB01075,Diphenhydramine,P31645,0.104536716,FALSE,None,None,None
DB01029,Irbesartan,P24385,0.104516562,FALSE,None,None,None
DB00623,Fluphenazine,P35348,0.104507056,FALSE,None,None,None
DB01238,Aripiprazole,P31645,0.104426492,TRUE,Swiss-Prot,PMID:26346901,target
DB01043,Memantine,Q14524,0.104426397,FALSE,None,None,None
DB00924,Cyclobenzaprine,P08908,0.10420678,FALSE,None,None,None
DB00898,Ethanol,P28472,0.104055962,TRUE,Swiss-Prot,"PMID:17591544,PMID:12921221",target
DB00411,Carbamoylcholine,P36544,0.103811024,FALSE,None,None,None
DB00210,Adapalene,P19793,0.10375333,TRUE,Swiss-Prot,"PMID:9204085,PMID:19929446,PMID:31273085,PMID:10651997",target
DB01427,Amrinone,Q9Y233,0.103725941,FALSE,None,None,None
DB00623,Fluphenazine,P21917,0.103722166,FALSE,None,None,None
DB01221,Ketamine,Q14416,0.10368069,FALSE,None,None,None
DB01184,Domperidone,P35348,0.103662432,FALSE,None,None,None
DB00924,Cyclobenzaprine,P21728,0.103642825,FALSE,None,None,None
DB00706,Tamsulosin,P28223,0.103566096,FALSE,None,None,None
DB00999,Hydrochlorothiazide,P23280,0.103531672,FALSE,None,None,None
DB01226,Mivacurium,P28223,0.103496715,FALSE,None,None,None
DB01023,Felodipine,Q09470,0.103287373,FALSE,None,None,None
DB00949,Felbamate,P46098,0.103244525,FALSE,None,None,None
DB01136,Carvedilol,P08913,0.103001604,TRUE,Swiss-Prot,PMID:15306222,target
DB00457,Prazosin,P08913,0.102965771,TRUE,Swiss-Prot,"PMID:1666366,PMID:6133635,PMID:2989948",target
DB00356,Chlorzoxazone,P42261,0.102874006,FALSE,None,None,None
DB00706,Tamsulosin,P07550,0.102738615,FALSE,None,None,None
DB00999,Hydrochlorothiazide,Q8IWT1,0.102567094,FALSE,None,None,None
DB00960,Pindolol,P21917,0.102549614,FALSE,None,None,None
DB00783,Estradiol,P00533,0.10249962,FALSE,None,None,None
DB00631,Clofarabine,Q9NR33,0.102397703,FALSE,None,None,None
DB00247,Methysergide,P50406,0.102353908,FALSE,None,None,None
DB01200,Bromocriptine,P08172,0.102319568,FALSE,None,None,None
DB00539,Toremifene,P16220,0.102132115,FALSE,None,None,None
DB00315,Zolmitriptan,P28223,0.10179984,TRUE,Swiss-Prot,PMID:29352859,target
DB00315,Zolmitriptan,P34969,0.101795384,TRUE,Swiss-Prot,PMID:29352859,target
DB00281,Lidocaine,O75469,0.101779601,FALSE,None,None,None
DB00477,Chlorpromazine,P34969,0.101646601,TRUE,Swiss-Prot,PMID:7908055,target
DB01100,Pimozide,P28223,0.10158529,FALSE,None,None,None
DB00800,Fenoldopam,P41595,0.101504796,FALSE,None,None,None
DB00734,Risperidone,P31645,0.101421705,FALSE,None,None,None
DB00571,Propranolol,P35348,0.101315304,FALSE,None,None,None
DB01017,Minocycline,P16860,0.101232533,FALSE,None,None,None
DB01161,Chloroprocaine,Q13224,0.101216418,FALSE,None,None,None
DB00308,Ibutilide,O00555,0.101209653,FALSE,None,None,None
DB01149,Nefazodone,P11229,0.101108829,FALSE,None,None,None
DB01029,Irbesartan,P31749,0.10103273,FALSE,None,None,None
DB01029,Irbesartan,Q16881,0.100906468,FALSE,None,None,None
DB04839,Cyproterone acetate,P10275,0.100751075,TRUE,Swiss-Prot,"PMID:17139284,PMID:17016423,PMID:19463689,PMID:15579329,PMID:15483189",target
DB06216,Asenapine,P31645,0.100655458,FALSE,None,None,None
DB00459,Acitretin,P10745,0.100599434,FALSE,None,None,None
DB01218,Halofantrine,Q14524,0.100582277,FALSE,None,None,None
DB00177,Valsartan,P05412,0.100428966,FALSE,None,None,None
DB00999,Hydrochlorothiazide,P29972,0.100340701,FALSE,None,None,None
DB01110,Miconazole,P59768,0.100263864,FALSE,None,None,None
DB00820,Tadalafil,P30542,0.100233537,FALSE,None,None,None
DB01186,Pergolide,P11229,0.10018938,FALSE,None,None,None
DB00273,Topiramate,P55017,0.100166306,FALSE,None,None,None
DB00431,Lindane,P48169,0.10016309,FALSE,None,None,None
DB00208,Ticlopidine,P43119,0.100145185,FALSE,None,None,None
DB00540,Nortriptyline,P07550,0.100059887,TRUE,Swiss-Prot,PMID:19259968,target
DB01218,Halofantrine,P07550,0.099974363,FALSE,None,None,None
DB01064,Isoprenaline,P08913,0.099863842,FALSE,None,None,None
DB00315,Zolmitriptan,P21917,0.099827133,FALSE,None,None,None
DB00297,Bupivacaine,P43088,0.099745191,FALSE,None,None,None
DB00280,Disopyramide,P28223,0.099684855,FALSE,None,None,None
DB00721,Procaine,P36544,0.099678447,FALSE,None,None,None
DB00721,Procaine,Q05586,0.099660874,FALSE,None,None,None
DB01224,Quetiapine,P25021,0.099641607,FALSE,None,None,None
DB01224,Quetiapine,P31645,0.099431285,FALSE,None,None,None
DB00457,Prazosin,P07550,0.099230318,FALSE,None,None,None
DB01248,Docetaxel,Q71U36,0.099095745,FALSE,None,None,None
DB00459,Acitretin,P12271,0.098913144,FALSE,None,None,None
DB00459,Acitretin,Q92781,0.098830626,FALSE,None,None,None
DB00268,Ropinirole,P46098,0.098754764,FALSE,None,None,None
DB06204,Tapentadol,P28223,0.098634773,FALSE,None,None,None
DB00841,Dobutamine,P08588,0.098548016,TRUE,Swiss-Prot,"PMID:12098582,PMID:15564877,PMID:16325050,PMID:16627864,PMID:11752352",target
DB00952,Naratriptan,P28223,0.098485436,FALSE,None,None,None
DB00915,Amantadine,Q13224,0.098275253,FALSE,None,None,None
DB00356,Chlorzoxazone,O15554,0.098158752,FALSE,None,None,None
DB00675,Tamoxifen,P10275,0.098024107,TRUE,Swiss-Prot,PMID:14751673,target
DB00721,Procaine,P11229,0.097894678,FALSE,None,None,None
DB00425,Zolpidem,P30536,0.097859938,FALSE,None,None,None
DB00388,Phenylephrine,Q12809,0.097852515,FALSE,None,None,None
DB00714,Apomorphine,P11229,0.097852188,FALSE,None,None,None
DB00499,Flutamide,P10275,0.097764227,TRUE,Swiss-Prot,"PMID:10500149,PMID:10752671,PMID:10822172,PMID:10879806,PMID:11162924,PMID:12231070,PMID:11752352",target
DB00393,Nimodipine,Q14289,0.097644056,FALSE,None,None,None
DB00622,Nicardipine,P31645,0.097553747,FALSE,None,None,None
DB01073,Fludarabine,P31350,0.097468572,FALSE,None,None,None
DB00836,Loperamide,Q08289,0.097462756,FALSE,None,None,None
DB00679,Thioridazine,P31645,0.097346586,FALSE,None,None,None
DB01268,Sunitinib,P16234,0.09724957,TRUE,Swiss-Prot,PMID:16638875,target
DB00571,Propranolol,P08913,0.097142385,FALSE,None,None,None
DB01097,Leflunomide,P27487,0.097099596,FALSE,None,None,None
DB00308,Ibutilide,O43497,0.097093037,FALSE,None,None,None
DB01229,Paclitaxel,Q71U36,0.096915256,FALSE,None,None,None
DB00851,Dacarbazine,Q07343,0.096796735,FALSE,None,None,None
DB00356,Chlorzoxazone,Q16558,0.096794571,FALSE,None,None,None
DB00474,Methohexital,O14764,0.096791088,FALSE,None,None,None
DB06216,Asenapine,P08588,0.096724545,TRUE,Swiss-Prot,"PMID:23356509,PMID:18308814",target
DB00502,Haloperidol,P41595,0.096547885,FALSE,None,None,None
DB00839,Tolazamide,P35354,0.096478049,FALSE,None,None,None
DB00277,Theophylline,P21817,0.096440384,FALSE,None,None,None
DB00246,Ziprasidone,P25021,0.096322887,FALSE,None,None,None
DB00675,Tamoxifen,P16220,0.096278687,FALSE,None,None,None
DB00631,Clofarabine,P00491,0.096209484,FALSE,None,None,None
DB00321,Amitriptyline,P42261,0.095934356,FALSE,None,None,None
DB00925,Phenoxybenzamine,P21728,0.09581102,FALSE,None,None,None
DB00222,Glimepiride,Q12809,0.095657623,FALSE,None,None,None
DB01221,Ketamine,Q13224,0.095584151,FALSE,None,None,None
DB00280,Disopyramide,P31645,0.095566701,FALSE,None,None,None
DB01041,Thalidomide,Q9NR96,0.095396343,FALSE,None,None,None
DB00216,Eletriptan,P25021,0.09501758,FALSE,None,None,None
DB01149,Nefazodone,P21917,0.094983683,FALSE,None,None,None
DB01088,Iloprost,Q9H244,0.094938866,FALSE,None,None,None
DB01098,Rosuvastatin,P05107,0.094931872,FALSE,None,None,None
DB00795,Sulfasalazine,P31749,0.094729117,FALSE,None,None,None
DB00631,Clofarabine,P56282,0.094686808,FALSE,None,None,None
DB01120,Gliclazide,P48048,0.094674711,FALSE,None,None,None
DB00909,Zonisamide,P21397,0.09467437,TRUE,Swiss-Prot,"PMID:8991786,PMID:20502722",target
DB00799,Tazarotene,P09455,0.094521516,FALSE,None,None,None
DB00571,Propranolol,P34969,0.094504451,FALSE,None,None,None
DB00230,Pregabalin,Q13936,0.094482258,FALSE,None,None,None
DB00831,Trifluoperazine,P08908,0.094446023,FALSE,None,None,None
DB00193,Tramadol,P08908,0.094397613,FALSE,None,None,None
DB01043,Memantine,Q15822,0.094300017,FALSE,None,None,None
DB01036,Tolterodine,P28223,0.094280819,FALSE,None,None,None
DB00641,Simvastatin,Q92769,0.094236445,TRUE,Swiss-Prot,PMID:18381445,target
DB01623,Thiothixene,Q13224,0.094218682,FALSE,None,None,None
DB00631,Clofarabine,Q07864,0.094205495,FALSE,None,None,None
DB00635,Prednisone,P10275,0.09415893,FALSE,None,None,None
DB00782,Propantheline,P08172,0.094099931,FALSE,None,None,None
DB00631,Clofarabine,Q9NRF9,0.093958006,FALSE,None,None,None
DB00659,Acamprosate,P31645,0.093792281,FALSE,None,None,None
DB00575,Clonidine,Q9Y2I1,0.09377831,FALSE,None,None,None
DB00335,Atenolol,P08588,0.093737551,TRUE,Swiss-Prot,"PMID:10913016,PMID:12065078,PMID:17628611,PMID:9300315,PMID:11752352",target
DB00745,Modafinil,P08908,0.093733969,FALSE,None,None,None
DB00656,Trazodone,P34969,0.093650806,FALSE,None,None,None
DB00862,Vardenafil,P00813,0.093637455,FALSE,None,None,None
DB01356,Lithium cation,P29218,0.093622368,TRUE,Swiss-Prot,"PMID:16874097,PMID:16965760,PMID:17068342,PMID:17158747,PMID:17251911,PMID:20027624",target
DB00458,Imipramine,P41145,0.0935806,FALSE,None,None,None
DB00540,Nortriptyline,P41145,0.093553196,FALSE,None,None,None
DB00178,Ramipril,Q9BYF1,0.093539325,FALSE,None,None,None
DB01079,Tegaserod,P31645,0.093403593,TRUE,Swiss-Prot,PMID:17510552,transporter
DB01110,Miconazole,P48549,0.093352685,FALSE,None,None,None
DB01233,Metoclopramide,P08908,0.093290493,FALSE,None,None,None
DB00904,Ondansetron,P08913,0.09324769,FALSE,None,None,None
DB01079,Tegaserod,P34969,0.093113479,FALSE,None,None,None
DB01200,Bromocriptine,P31645,0.093100424,FALSE,None,None,None
DB00960,Pindolol,P28223,0.093024702,FALSE,None,None,None
DB00193,Tramadol,P08913,0.092966163,TRUE,Swiss-Prot,"PMID:31004280,PMID:33932698",target
DB01088,Iloprost,P43088,0.092917897,FALSE,None,None,None
DB01118,Amiodarone,O00180,0.092865187,FALSE,None,None,None
DB00184,Nicotine,P22303,0.092829454,FALSE,None,None,None
DB00933,Mesoridazine,P35348,0.092818345,FALSE,None,None,None
DB00602,Ivermectin,P14867,0.092796626,FALSE,None,None,None
DB00450,Droperidol,P62158,0.092716068,FALSE,None,None,None
DB00502,Haloperidol,P08913,0.092618328,TRUE,Swiss-Prot,PMID:12629531,target
DB00175,Pravastatin,P05107,0.092609187,FALSE,None,None,None
DB00909,Zonisamide,Q12791,0.092583859,FALSE,None,None,None
DB01340,Cilazapril,Q9BYF1,0.092463554,FALSE,None,None,None
DB00413,Pramipexole,P46098,0.092426664,FALSE,None,None,None
DB00912,Repaglinide,P15692,0.092406291,FALSE,None,None,None
DB00228,Enflurane,O15554,0.092354105,FALSE,None,None,None
DB00368,Norepinephrine,P28223,0.092068734,FALSE,None,None,None
DB00907,Cocaine,P28223,0.092052977,FALSE,None,None,None
DB00679,Thioridazine,P11229,0.091909702,FALSE,None,None,None
DB00474,Methohexital,P28472,0.091895922,FALSE,None,None,None
DB00540,Nortriptyline,Q16620,0.091891691,FALSE,None,None,None
DB01023,Felodipine,P35869,0.091804346,FALSE,None,None,None
DB00297,Bupivacaine,P43119,0.091727003,FALSE,None,None,None
DB00800,Fenoldopam,P08908,0.091676281,FALSE,None,None,None
DB00586,Diclofenac,O43525,0.091594668,TRUE,Swiss-Prot,"PMID:18206251,PMID:15598972",transporter
DB01169,Arsenic trioxide,P27361,0.091562194,TRUE,Swiss-Prot,"PMID:12472888,PMID:14516795,PMID:14674888,PMID:15849723,PMID:17158527",target
DB00656,Trazodone,P08172,0.091519563,FALSE,None,None,None
DB04844,Tetrabenazine,P22303,0.091382143,FALSE,None,None,None
DB00669,Sumatriptan,P08913,0.091360168,FALSE,None,None,None
DB00695,Furosemide,O43570,0.091232234,FALSE,None,None,None
DB00659,Acamprosate,Q14524,0.091173477,FALSE,None,None,None
DB01110,Miconazole,P29474,0.091170745,TRUE,Swiss-Prot,"PMID:7683652,PMID:7518297,PMID:9873034,PMID:7536941",target
DB00975,Dipyridamole,P21589,0.090977826,FALSE,None,None,None
DB00204,Dofetilide,Q14524,0.09095003,FALSE,None,None,None
DB00433,Prochlorperazine,P23297,0.090912862,FALSE,None,None,None
DB01205,Flumazenil,P42261,0.090753627,FALSE,None,None,None
DB00489,Sotalol,Q14654,0.090617443,FALSE,None,None,None
DB01132,Pioglitazone,Q07869,0.090607819,FALSE,None,None,None
DB01136,Carvedilol,P08588,0.090564307,TRUE,Swiss-Prot,"PMID:1712335,PMID:2575762,PMID:2577144,PMID:7908256",target
DB00860,Prednisolone,P10275,0.090536359,FALSE,None,None,None
DB00907,Cocaine,Q15822,0.090391668,FALSE,None,None,None
DB00831,Trifluoperazine,Q9H3N8,0.090317872,FALSE,None,None,None
DB00308,Ibutilide,P62158,0.090146321,FALSE,None,None,None
DB00959,Methylprednisolone,P10275,0.090068357,FALSE,None,None,None
DB00795,Sulfasalazine,P24385,0.090035096,FALSE,None,None,None
DB00731,Nateglinide,P15692,0.090008803,FALSE,None,None,None
DB00204,Dofetilide,Q08289,0.08991441,FALSE,None,None,None
DB00412,Rosiglitazone,Q09428,0.089885355,FALSE,None,None,None
DB00835,Brompheniramine,P31645,0.089859061,FALSE,None,None,None
DB01118,Amiodarone,Q13936,0.089727315,TRUE,Swiss-Prot,"PMID:1281221,PMID:20221978,PMID:7532747,PMID:10960072",target
DB00753,Isoflurane,Q12791,0.089710146,FALSE,None,None,None
DB01088,Iloprost,P42330,0.089704157,FALSE,None,None,None
DB00983,Formoterol,P08588,0.089632565,TRUE,Swiss-Prot,PMID:14730417,target
DB00887,Bumetanide,P05023,0.089607984,FALSE,None,None,None
DB00384,Triamterene,P19634,0.089503982,FALSE,None,None,None
DB00692,Phentolamine,P07550,0.089494626,FALSE,None,None,None
DB00981,Physostigmine,P28223,0.089347422,FALSE,None,None,None
DB00622,Nicardipine,P10275,0.089345879,FALSE,None,None,None
DB00703,Methazolamide,Q13002,0.089308813,FALSE,None,None,None
DB00751,Epinastine,P11229,0.089249556,FALSE,None,None,None
DB00471,Montelukast,P78348,0.089224247,FALSE,None,None,None
DB00543,Amoxapine,P48169,0.089187116,TRUE,Swiss-Prot,PMID:1966571,target
DB00905,Bimatoprost,P43119,0.089177542,FALSE,None,None,None
DB01203,Nadolol,P08588,0.089103944,TRUE,Swiss-Prot,"PMID:11752352,PMID:7981009,PMID:1354084,PMID:10433496,PMID:10606440,PMID:7912539",target
DB00203,Sildenafil,P00813,0.089052015,FALSE,None,None,None
DB00474,Methohexital,P24046,0.088983576,FALSE,None,None,None
DB01189,Desflurane,Q12791,0.088967167,FALSE,None,None,None
DB00519,Trandolapril,Q9BYF1,0.088954002,FALSE,None,None,None
DB00287,Travoprost,P42330,0.088770395,FALSE,None,None,None
DB01118,Amiodarone,Q14524,0.088722265,FALSE,None,None,None
DB00230,Pregabalin,P41145,0.088692655,FALSE,None,None,None
DB00356,Chlorzoxazone,Q9H2S1,0.088675242,FALSE,None,None,None
DB00703,Methazolamide,Q12791,0.088597807,FALSE,None,None,None
DB06710,Methyltestosterone,P16471,0.088477501,FALSE,None,None,None
DB00481,Raloxifene,P10275,0.08841999,FALSE,None,None,None
DB00370,Mirtazapine,P11229,0.088391392,FALSE,None,None,None
DB00321,Amitriptyline,P46098,0.088372997,FALSE,None,None,None
DB00640,Adenosine,P69905,0.088332288,FALSE,None,None,None
DB00195,Betaxolol,P08588,0.088302318,TRUE,Swiss-Prot,"PMID:12181453,PMID:17513029,PMID:2077180,PMID:2891463,PMID:11752352",target
DB01214,Metipranolol,P08588,0.088292377,TRUE,Swiss-Prot,"PMID:17139284,PMID:17016423,PMID:2895037,PMID:12967722,PMID:2885244",target
DB01242,Clomipramine,P35348,0.088249358,FALSE,None,None,None
DB00795,Sulfasalazine,Q16881,0.088243561,FALSE,None,None,None
DB00605,Sulindac,P34995,0.088138707,FALSE,None,None,None
DB00862,Vardenafil,Q07343,0.088138304,FALSE,None,None,None
DB01577,Metamfetamine,P28223,0.088058213,FALSE,None,None,None
DB00924,Cyclobenzaprine,P35348,0.0880272,FALSE,None,None,None
DB00374,Treprostinil,P34995,0.088025598,FALSE,None,None,None
DB00790,Perindopril,Q9BYF1,0.087985433,FALSE,None,None,None
DB04896,Milnacipran,Q8TCU5,0.087952762,TRUE,Swiss-Prot,"PMID:22716121,PMID:7636857",target
DB00783,Estradiol,P10275,0.087905093,FALSE,None,None,None
DB00952,Naratriptan,P34969,0.087889413,FALSE,None,None,None
DB00184,Nicotine,Q07001,0.087835379,FALSE,None,None,None
DB01184,Domperidone,P62158,0.087759268,FALSE,None,None,None
DB00669,Sumatriptan,P28223,0.087740877,FALSE,None,None,None
DB01169,Arsenic trioxide,P08588,0.087703214,FALSE,None,None,None
DB00714,Apomorphine,Q9H3N8,0.087679072,FALSE,None,None,None
DB00920,Ketotifen,Q9Y233,0.087630832,FALSE,None,None,None
DB00598,Labetalol,P31645,0.087588408,FALSE,None,None,None
DB00425,Zolpidem,Q13002,0.087588342,FALSE,None,None,None
DB00268,Ropinirole,P11229,0.087557971,FALSE,None,None,None
DB00571,Propranolol,P28221,0.087475773,FALSE,None,None,None
DB00659,Acamprosate,Q13224,0.087455393,TRUE,Swiss-Prot,"PMID:18540918,PMID:22346357,PMID:23278595,PMID:11111840",target
DB00471,Montelukast,O43526,0.08743131,FALSE,None,None,None
DB00292,Etomidate,P48169,0.087372115,TRUE,Swiss-Prot,None,target
DB08860,Pitavastatin,P05107,0.087368107,FALSE,None,None,None
DB00732,Atracurium besylate,P08172,0.087332348,FALSE,None,None,None
DB00675,Tamoxifen,O75469,0.087266603,TRUE,Swiss-Prot,"PMID:16054614,PMID:18839173",target
DB01238,Aripiprazole,P25021,0.087234186,TRUE,Swiss-Prot,PMID:26346901,target
DB00603,Medroxyprogesterone acetate,P16220,0.087201721,FALSE,None,None,None
DB00356,Chlorzoxazone,Q09470,0.087133457,FALSE,None,None,None
DB00247,Methysergide,P31645,0.087124774,FALSE,None,None,None
DB05246,Methsuximide,P62158,0.087050902,FALSE,None,None,None
DB00543,Amoxapine,Q9NZV8,0.086963949,FALSE,None,None,None
DB00925,Phenoxybenzamine,P31645,0.086902714,FALSE,None,None,None
DB00401,Nisoldipine,O00180,0.086874926,FALSE,None,None,None
DB00204,Dofetilide,O00555,0.086722188,FALSE,None,None,None
DB00818,Propofol,P23416,0.0865917,FALSE,None,None,None
DB00953,Rizatriptan,P34969,0.086545181,TRUE,Swiss-Prot,None,target
DB01618,Molindone,P31645,0.086534071,FALSE,None,None,None
DB00412,Rosiglitazone,Q07869,0.086511694,TRUE,Swiss-Prot,"PMID:11779144,PMID:15949695",target
DB00800,Fenoldopam,P07550,0.08621239,FALSE,None,None,None
DB00334,Olanzapine,P25021,0.086142448,FALSE,None,None,None
DB00370,Mirtazapine,P21917,0.086139201,FALSE,None,None,None
DB00346,Alfuzosin,Q12809,0.086136562,FALSE,None,None,None
DB00594,Amiloride,O43526,0.086102549,FALSE,None,None,None
DB00751,Epinastine,P08172,0.086073631,FALSE,None,None,None
DB00471,Montelukast,Q9UPY5,0.086070175,FALSE,None,None,None
DB00714,Apomorphine,P46098,0.086027447,FALSE,None,None,None
DB00203,Sildenafil,Q07343,0.08596694,FALSE,None,None,None
DB00434,Cyproheptadine,Q9NZV8,0.085896489,FALSE,None,None,None
DB00204,Dofetilide,Q13936,0.085869573,FALSE,None,None,None
DB00602,Ivermectin,P23416,0.085783769,FALSE,None,None,None
DB00492,Fosinopril,Q9BYF1,0.085728278,FALSE,None,None,None
DB00433,Prochlorperazine,Q9NYX4,0.085724722,FALSE,None,None,None
DB00191,Phentermine,P10415,0.085697052,FALSE,None,None,None
DB01132,Pioglitazone,Q09428,0.085694438,FALSE,None,None,None
DB00162,Vitamin A,P48443,0.085596286,FALSE,None,None,None
DB00280,Disopyramide,O43526,0.085580928,FALSE,None,None,None
DB00696,Ergotamine,P08172,0.085460163,FALSE,None,None,None
DB00960,Pindolol,P41595,0.085398976,FALSE,None,None,None
DB01086,Benzocaine,P31645,0.085379016,FALSE,None,None,None
DB00561,Doxapram,O15554,0.085364403,FALSE,None,None,None
DB00960,Pindolol,P28221,0.085247584,FALSE,None,None,None
DB00800,Fenoldopam,P28222,0.084967767,FALSE,None,None,None
DB01014,Balsalazide,P78348,0.084910274,FALSE,None,None,None
DB00900,Didanosine,P31350,0.084861963,FALSE,None,None,None
DB00280,Disopyramide,P04629,0.084771161,FALSE,None,None,None
DB00321,Amitriptyline,P34969,0.084641226,TRUE,Swiss-Prot,"PMID:10997731,PMID:23142373",target
DB01273,Varenicline,P14867,0.084635247,FALSE,None,None,None
DB00952,Naratriptan,P21917,0.08443623,FALSE,None,None,None
DB01220,Rifaximin,P03372,0.084395775,FALSE,None,None,None
DB01023,Felodipine,P04150,0.0843522,FALSE,None,None,None
DB01149,Nefazodone,P41595,0.084320404,FALSE,None,None,None
DB05246,Methsuximide,P07550,0.084297019,FALSE,None,None,None
DB01069,Promethazine,P07550,0.08429433,FALSE,None,None,None
DB01427,Amrinone,P09210,0.084111438,FALSE,None,None,None
DB00321,Amitriptyline,P41595,0.083961943,FALSE,None,None,None
DB00248,Cabergoline,P11229,0.083936946,FALSE,None,None,None
DB00356,Chlorzoxazone,O43570,0.083921994,FALSE,None,None,None
DB00780,Phenelzine,P10415,0.083916675,FALSE,None,None,None
DB01291,Pirbuterol,P08588,0.08383273,TRUE,Swiss-Prot,"PMID:2901958,PMID:6143816",target
DB00388,Phenylephrine,P28223,0.08374545,FALSE,None,None,None
DB01043,Memantine,Q05586,0.083729186,TRUE,Swiss-Prot,"PMID:16906789,PMID:10029935,PMID:14530799;PMID:19687120",target
DB00477,Chlorpromazine,P50406,0.083642063,TRUE,Swiss-Prot,PMID:7908055,target
DB00915,Amantadine,P28223,0.083594919,FALSE,None,None,None
DB00344,Protriptyline,Q9NZV8,0.083584835,FALSE,None,None,None
DB00296,Ropivacaine,P34995,0.083546831,FALSE,None,None,None
DB00598,Labetalol,P28223,0.083447918,FALSE,None,None,None
DB00307,Bexarotene,P19793,0.083447025,TRUE,Swiss-Prot,"PMID:11702369,PMID:18765556,PMID:17483357,PMID:17008586,PMID:15897247,PMID:16495926,PMID:14700480,PMID:15632250,PMID:15056048",target
DB00310,Chlorthalidone,Q9UP95,0.083427086,FALSE,None,None,None
DB00751,Epinastine,P07550,0.083407136,FALSE,None,None,None
DB01367,Rasagiline,P80404,0.083406232,FALSE,None,None,None
DB00715,Paroxetine,P08908,0.083402378,TRUE,Swiss-Prot,None,target
DB00960,Pindolol,P34969,0.083391954,FALSE,None,None,None
DB00692,Phentolamine,P28223,0.083266898,FALSE,None,None,None
DB00481,Raloxifene,O75469,0.083178061,FALSE,None,None,None
DB00496,Darifenacin,P31645,0.08315086,FALSE,None,None,None
DB01097,Leflunomide,P04035,0.083127663,FALSE,None,None,None
DB00370,Mirtazapine,P08172,0.083107991,FALSE,None,None,None
DB01148,Flavoxate,P31645,0.083084186,FALSE,None,None,None
